0
SECTION
2
HEADER
9
$ACADVER
1
AC1009
9
$INSBASE
10
0.0
20
0.0
30
0.0
9
$EXTMIN
10
-6000.0
20
-24000.0
30
0.0
9
$EXTMAX
10
74000.0
20
28000.0
30
0.0
9
$LTSCALE
40
30.0
9
$TEXTSTYLE
7
ARABIC
0
ENDSEC
0
SECTION
2
TABLES
0
TABLE
2
LTYPE
70
3
0
LTYPE
2
CONTINUOUS
70
0
3
Solid
72
65
73
0
40
0.0
0
LTYPE
2
DASHED
70
0
3
Dashed
72
65
73
2
40
30.0
49
20.0
49
-10.0
0
LTYPE
2
HIDDEN
70
0
3
Hidden
72
65
73
2
40
16.0
49
9.0
49
-7.0
0
ENDTAB
0
TABLE
2
LAYER
70
19
0
LAYER
2
0
70
0
62
7
6
CONTINUOUS
0
LAYER
2
A-WALL
70
0
62
7
6
CONTINUOUS
0
LAYER
2
A-WALL-PAT
70
0
62
8
6
CONTINUOUS
0
LAYER
2
A-PART
70
0
62
7
6
CONTINUOUS
0
LAYER
2
A-DEMO
70
0
62
1
6
HIDDEN
0
LAYER
2
A-GLAZ
70
0
62
4
6
CONTINUOUS
0
LAYER
2
A-DOOR
70
0
62
4
6
CONTINUOUS
0
LAYER
2
A-VOID
70
0
62
3
6
DASHED
0
LAYER
2
A-STAIR
70
0
62
6
6
CONTINUOUS
0
LAYER
2
A-RAIL
70
0
62
6
6
CONTINUOUS
0
LAYER
2
A-FURN
70
0
62
3
6
CONTINUOUS
0
LAYER
2
A-EQIP
70
0
62
5
6
CONTINUOUS
0
LAYER
2
A-ROOM-AR
70
0
62
7
6
CONTINUOUS
0
LAYER
2
A-ROOM-EN
70
0
62
8
6
CONTINUOUS
0
LAYER
2
A-AREA
70
0
62
2
6
CONTINUOUS
0
LAYER
2
A-DIMS
70
0
62
2
6
CONTINUOUS
0
LAYER
2
A-FLOW
70
0
62
3
6
DASHED
0
LAYER
2
A-TITL
70
0
62
1
6
CONTINUOUS
0
LAYER
2
A-NOTE
70
0
62
8
6
CONTINUOUS
0
ENDTAB
0
TABLE
2
STYLE
70
2
0
STYLE
2
ARABIC
70
0
40
0.0
41
1.0
50
0.0
71
0
42
2.5
3
arial.ttf
4

0
STYLE
2
ROMANS
70
0
40
0.0
41
0.9
50
0.0
71
0
42
2.5
3
arial.ttf
4

0
ENDTAB
0
ENDSEC
0
SECTION
2
ENTITIES
0
SOLID
8
A-WALL-PAT
10
-200
20
17700
30
0.0
11
30000
21
17700
31
0.0
12
-200
22
17900
32
0.0
13
30000
23
17900
33
0.0
0
LINE
8
A-WALL
10
-200
20
17700
30
0.0
11
30000
21
17700
31
0.0
0
LINE
8
A-WALL
10
30000
20
17700
30
0.0
11
30000
21
17900
31
0.0
0
LINE
8
A-WALL
10
30000
20
17900
30
0.0
11
-200
21
17900
31
0.0
0
LINE
8
A-WALL
10
-200
20
17900
30
0.0
11
-200
21
17700
31
0.0
0
SOLID
8
A-WALL-PAT
10
-200
20
0
30
0.0
11
0
21
0
31
0.0
12
-200
22
17900
32
0.0
13
0
23
17900
33
0.0
0
LINE
8
A-WALL
10
-200
20
0
30
0.0
11
0
21
0
31
0.0
0
LINE
8
A-WALL
10
0
20
0
30
0.0
11
0
21
17900
31
0.0
0
LINE
8
A-WALL
10
0
20
17900
30
0.0
11
-200
21
17900
31
0.0
0
LINE
8
A-WALL
10
-200
20
17900
30
0.0
11
-200
21
0
31
0.0
0
SOLID
8
A-WALL-PAT
10
29800
20
0
30
0.0
11
30000
21
0
31
0.0
12
29800
22
17900
32
0.0
13
30000
23
17900
33
0.0
0
LINE
8
A-WALL
10
29800
20
0
30
0.0
11
30000
21
0
31
0.0
0
LINE
8
A-WALL
10
30000
20
0
30
0.0
11
30000
21
17900
31
0.0
0
LINE
8
A-WALL
10
30000
20
17900
30
0.0
11
29800
21
17900
31
0.0
0
LINE
8
A-WALL
10
29800
20
17900
30
0.0
11
29800
21
0
31
0.0
0
LINE
8
A-DEMO
10
4800
20
0
30
0.0
11
4800
21
17700
31
0.0
0
LINE
8
A-DEMO
10
5000
20
0
30
0.0
11
5000
21
17700
31
0.0
0
LINE
8
A-DEMO
10
9800
20
0
30
0.0
11
9800
21
17700
31
0.0
0
LINE
8
A-DEMO
10
10000
20
0
30
0.0
11
10000
21
17700
31
0.0
0
LINE
8
A-DEMO
10
14800
20
0
30
0.0
11
14800
21
17700
31
0.0
0
LINE
8
A-DEMO
10
15000
20
0
30
0.0
11
15000
21
17700
31
0.0
0
LINE
8
A-DEMO
10
19800
20
0
30
0.0
11
19800
21
17700
31
0.0
0
LINE
8
A-DEMO
10
20000
20
0
30
0.0
11
20000
21
17700
31
0.0
0
LINE
8
A-DEMO
10
24800
20
0
30
0.0
11
24800
21
17700
31
0.0
0
LINE
8
A-DEMO
10
25000
20
0
30
0.0
11
25000
21
17700
31
0.0
0
LINE
8
A-PART
10
0
20
0
30
0.0
11
6300
21
0
31
0.0
0
LINE
8
A-PART
10
0
20
3200
30
0.0
11
6300
21
3200
31
0.0
0
LINE
8
A-PART
10
0
20
0
30
0.0
11
0
21
3200
31
0.0
0
LINE
8
A-PART
10
6300
20
0
30
0.0
11
6300
21
3200
31
0.0
0
TEXT
8
A-ROOM-AR
10
5980
20
2560
30
0.0
40
260
1
\U+0631\U+0643\U+0646 \U+0627\U+0644\U+0628\U+064A\U+0639
50
0
7
ARABIC
72
2
11
5980
21
2560
31
0.0
0
TEXT
8
A-ROOM-EN
10
5980
20
2230
30
0.0
40
160
1
RETAIL COUNTER
50
0
7
ROMANS
72
2
11
5980
21
2230
31
0.0
0
TEXT
8
A-AREA
10
5980
20
1920
30
0.0
40
200
1
20.16 \U+0645\U+00B2
50
0
7
ARABIC
72
2
11
5980
21
1920
31
0.0
0
TEXT
8
A-AREA
10
5980
20
1610
30
0.0
40
190
1
12 \U+0645.\U+0637
50
0
7
ARABIC
72
2
11
5980
21
1610
31
0.0
0
LINE
8
A-PART
10
6300
20
0
30
0.0
11
20400
21
0
31
0.0
0
LINE
8
A-PART
10
6300
20
3200
30
0.0
11
20400
21
3200
31
0.0
0
LINE
8
A-PART
10
20400
20
0
30
0.0
11
20400
21
3200
31
0.0
0
TEXT
8
A-ROOM-AR
10
20080
20
2560
30
0.0
40
260
1
\U+0635\U+0627\U+0644\U+0629 \U+0627\U+0644\U+0627\U+0646\U+062A\U+0638\U+0627\U+0631
50
0
7
ARABIC
72
2
11
20080
21
2560
31
0.0
0
TEXT
8
A-ROOM-EN
10
20080
20
2230
30
0.0
40
160
1
WAITING LOUNGE
50
0
7
ROMANS
72
2
11
20080
21
2230
31
0.0
0
TEXT
8
A-AREA
10
20080
20
1920
30
0.0
40
200
1
45.12 \U+0645\U+00B2
50
0
7
ARABIC
72
2
11
20080
21
1920
31
0.0
0
TEXT
8
A-AREA
10
20080
20
1610
30
0.0
40
190
1
18 \U+0645\U+0642\U+0639\U+062F
50
0
7
ARABIC
72
2
11
20080
21
1610
31
0.0
0
LINE
8
A-PART
10
20400
20
0
30
0.0
11
29800
21
0
31
0.0
0
LINE
8
A-PART
10
20400
20
3200
30
0.0
11
29800
21
3200
31
0.0
0
LINE
8
A-PART
10
29800
20
0
30
0.0
11
29800
21
3200
31
0.0
0
TEXT
8
A-ROOM-AR
10
29480
20
2560
30
0.0
40
260
1
\U+0627\U+0644\U+0627\U+0633\U+062A\U+0642\U+0628\U+0627\U+0644
50
0
7
ARABIC
72
2
11
29480
21
2560
31
0.0
0
TEXT
8
A-ROOM-EN
10
29480
20
2230
30
0.0
40
160
1
RECEPTION
50
0
7
ROMANS
72
2
11
29480
21
2230
31
0.0
0
TEXT
8
A-AREA
10
29480
20
1920
30
0.0
40
200
1
30.08 \U+0645\U+00B2
50
0
7
ARABIC
72
2
11
29480
21
1920
31
0.0
0
TEXT
8
A-AREA
10
29480
20
1610
30
0.0
40
190
1
\U+0646\U+0642\U+0637\U+062A\U+0627 \U+062E\U+062F\U+0645\U+0629
50
0
7
ARABIC
72
2
11
29480
21
1610
31
0.0
0
LINE
8
A-PART
10
0
20
3200
30
0.0
11
4400
21
3200
31
0.0
0
LINE
8
A-PART
10
0
20
11400
30
0.0
11
4400
21
11400
31
0.0
0
LINE
8
A-PART
10
0
20
3200
30
0.0
11
0
21
11400
31
0.0
0
LINE
8
A-PART
10
4400
20
3200
30
0.0
11
4400
21
11400
31
0.0
0
TEXT
8
A-ROOM-AR
10
4080
20
10760
30
0.0
40
260
1
\U+0645\U+063A\U+0627\U+0633\U+0644 \U+0627\U+0644\U+0634\U+0639\U+0631
50
0
7
ARABIC
72
2
11
4080
21
10760
31
0.0
0
TEXT
8
A-ROOM-EN
10
4080
20
10430
30
0.0
40
160
1
HAIR WASH
50
0
7
ROMANS
72
2
11
4080
21
10430
31
0.0
0
TEXT
8
A-AREA
10
4080
20
10120
30
0.0
40
200
1
36.08 \U+0645\U+00B2
50
0
7
ARABIC
72
2
11
4080
21
10120
31
0.0
0
TEXT
8
A-AREA
10
4080
20
9810
30
0.0
40
190
1
8 \U+0645\U+063A\U+0627\U+0633\U+0644
50
0
7
ARABIC
72
2
11
4080
21
9810
31
0.0
0
LINE
8
A-PART
10
4400
20
3200
30
0.0
11
21200
21
3200
31
0.0
0
LINE
8
A-PART
10
4400
20
11400
30
0.0
11
21200
21
11400
31
0.0
0
LINE
8
A-PART
10
21200
20
3200
30
0.0
11
21200
21
11400
31
0.0
0
TEXT
8
A-ROOM-AR
10
20880
20
10760
30
0.0
40
260
1
\U+0642\U+0635 \U+0648\U+062A\U+0635\U+0641\U+064A\U+0641 \U+0627\U+0644\U+0634\U+0639\U+0631
50
0
7
ARABIC
72
2
11
20880
21
10760
31
0.0
0
TEXT
8
A-ROOM-EN
10
20880
20
10430
30
0.0
40
160
1
CUTTING / STYLING
50
0
7
ROMANS
72
2
11
20880
21
10430
31
0.0
0
TEXT
8
A-AREA
10
20880
20
10120
30
0.0
40
200
1
137.76 \U+0645\U+00B2
50
0
7
ARABIC
72
2
11
20880
21
10120
31
0.0
0
TEXT
8
A-AREA
10
20880
20
9810
30
0.0
40
190
1
20 \U+0643\U+0631\U+0633\U+064A
50
0
7
ARABIC
72
2
11
20880
21
9810
31
0.0
0
LINE
8
A-PART
10
21200
20
3200
30
0.0
11
26200
21
3200
31
0.0
0
LINE
8
A-PART
10
21200
20
11400
30
0.0
11
26200
21
11400
31
0.0
0
LINE
8
A-PART
10
26200
20
3200
30
0.0
11
26200
21
11400
31
0.0
0
TEXT
8
A-ROOM-AR
10
25880
20
10760
30
0.0
40
260
1
\U+0627\U+0644\U+0635\U+0628\U+063A\U+0629
50
0
7
ARABIC
72
2
11
25880
21
10760
31
0.0
0
TEXT
8
A-ROOM-EN
10
25880
20
10430
30
0.0
40
160
1
COLOUR / MIXING
50
0
7
ROMANS
72
2
11
25880
21
10430
31
0.0
0
TEXT
8
A-AREA
10
25880
20
10120
30
0.0
40
200
1
41 \U+0645\U+00B2
50
0
7
ARABIC
72
2
11
25880
21
10120
31
0.0
0
TEXT
8
A-AREA
10
25880
20
9810
30
0.0
40
190
1
6 \U+0643\U+0631\U+0627\U+0633\U+064A
50
0
7
ARABIC
72
2
11
25880
21
9810
31
0.0
0
LINE
8
A-PART
10
26200
20
3200
30
0.0
11
29800
21
3200
31
0.0
0
LINE
8
A-PART
10
26200
20
11400
30
0.0
11
29800
21
11400
31
0.0
0
LINE
8
A-PART
10
29800
20
3200
30
0.0
11
29800
21
11400
31
0.0
0
TEXT
8
A-ROOM-AR
10
29480
20
10760
30
0.0
40
260
1
\U+0639\U+0644\U+0627\U+062C\U+0627\U+062A \U+0627\U+0644\U+0634\U+0639\U+0631
50
0
7
ARABIC
72
2
11
29480
21
10760
31
0.0
0
TEXT
8
A-ROOM-EN
10
29480
20
10430
30
0.0
40
160
1
HAIR TREATMENTS
50
0
7
ROMANS
72
2
11
29480
21
10430
31
0.0
0
TEXT
8
A-AREA
10
29480
20
10120
30
0.0
40
200
1
29.52 \U+0645\U+00B2
50
0
7
ARABIC
72
2
11
29480
21
10120
31
0.0
0
TEXT
8
A-AREA
10
29480
20
9810
30
0.0
40
190
1
4 \U+0643\U+0631\U+0627\U+0633\U+064A
50
0
7
ARABIC
72
2
11
29480
21
9810
31
0.0
0
LINE
8
A-PART
10
0
20
11400
30
0.0
11
29800
21
11400
31
0.0
0
LINE
8
A-PART
10
0
20
13000
30
0.0
11
2000
21
13000
31
0.0
0
LINE
8
A-PART
10
2900
20
13000
30
0.0
11
6500
21
13000
31
0.0
0
LINE
8
A-PART
10
7400
20
13000
30
0.0
11
11000
21
13000
31
0.0
0
LINE
8
A-PART
10
11900
20
13000
30
0.0
11
14400
21
13000
31
0.0
0
LINE
8
A-PART
10
15300
20
13000
30
0.0
11
17700
21
13000
31
0.0
0
LINE
8
A-PART
10
18600
20
13000
30
0.0
11
20000
21
13000
31
0.0
0
LINE
8
A-PART
10
20900
20
13000
30
0.0
11
22800
21
13000
31
0.0
0
LINE
8
A-PART
10
23700
20
13000
30
0.0
11
26900
21
13000
31
0.0
0
LINE
8
A-PART
10
27800
20
13000
30
0.0
11
29800
21
13000
31
0.0
0
LINE
8
A-PART
10
0
20
11400
30
0.0
11
0
21
13000
31
0.0
0
LINE
8
A-PART
10
29800
20
11400
30
0.0
11
29800
21
13000
31
0.0
0
TEXT
8
A-ROOM-AR
10
29480
20
12090
30
0.0
40
240
1
\U+0627\U+0644\U+0645\U+0645\U+0631 \U+0627\U+0644\U+0631\U+0626\U+064A\U+0633\U+064A
50
0
7
ARABIC
72
2
11
29480
21
12090
31
0.0
0
TEXT
8
A-AREA
10
25280
20
12090
30
0.0
40
200
1
47.68 \U+0645\U+00B2
50
0
7
ARABIC
72
2
11
25280
21
12090
31
0.0
0
LINE
8
A-PART
10
2900
20
13000
30
0.0
11
4600
21
13000
31
0.0
0
LINE
8
A-PART
10
0
20
17700
30
0.0
11
4600
21
17700
31
0.0
0
LINE
8
A-PART
10
0
20
13000
30
0.0
11
0
21
17700
31
0.0
0
LINE
8
A-PART
10
4600
20
13000
30
0.0
11
4600
21
17700
31
0.0
0
TEXT
8
A-ROOM-AR
10
4280
20
17060
30
0.0
40
260
1
\U+0628\U+064A\U+062A \U+0627\U+0644\U+062F\U+0631\U+062C 1
50
0
7
ARABIC
72
2
11
4280
21
17060
31
0.0
0
TEXT
8
A-ROOM-EN
10
4280
20
16730
30
0.0
40
160
1
STAIR 01
50
0
7
ROMANS
72
2
11
4280
21
16730
31
0.0
0
TEXT
8
A-AREA
10
4280
20
16420
30
0.0
40
200
1
21.62 \U+0645\U+00B2
50
0
7
ARABIC
72
2
11
4280
21
16420
31
0.0
0
TEXT
8
A-AREA
10
4280
20
16110
30
0.0
40
190
1
21 \U+0642\U+0627\U+0626\U+0645\U+0629
50
0
7
ARABIC
72
2
11
4280
21
16110
31
0.0
0
LINE
8
A-PART
10
4600
20
13000
30
0.0
11
6500
21
13000
31
0.0
0
LINE
8
A-PART
10
7400
20
13000
30
0.0
11
9400
21
13000
31
0.0
0
LINE
8
A-PART
10
4600
20
17700
30
0.0
11
9400
21
17700
31
0.0
0
LINE
8
A-PART
10
9400
20
13000
30
0.0
11
9400
21
17700
31
0.0
0
TEXT
8
A-ROOM-AR
10
9080
20
17060
30
0.0
40
260
1
\U+0627\U+0644\U+062F\U+0634\U+0627\U+062A \U+0648\U+0627\U+0644\U+062A\U+0628\U+062F\U+064A\U+0644
50
0
7
ARABIC
72
2
11
9080
21
17060
31
0.0
0
TEXT
8
A-ROOM-EN
10
9080
20
16730
30
0.0
40
160
1
SHOWERS / CHANGING
50
0
7
ROMANS
72
2
11
9080
21
16730
31
0.0
0
TEXT
8
A-AREA
10
9080
20
16420
30
0.0
40
200
1
22.56 \U+0645\U+00B2
50
0
7
ARABIC
72
2
11
9080
21
16420
31
0.0
0
TEXT
8
A-AREA
10
9080
20
16110
30
0.0
40
190
1
5 \U+062F\U+0634\U+0627\U+062A
50
0
7
ARABIC
72
2
11
9080
21
16110
31
0.0
0
LINE
8
A-PART
10
9400
20
13000
30
0.0
11
11000
21
13000
31
0.0
0
LINE
8
A-PART
10
15300
20
13000
30
0.0
11
16800
21
13000
31
0.0
0
LINE
8
A-PART
10
9400
20
17700
30
0.0
11
16800
21
17700
31
0.0
0
LINE
8
A-PART
10
16800
20
13000
30
0.0
11
16800
21
17700
31
0.0
0
TEXT
8
A-ROOM-AR
10
16480
20
17060
30
0.0
40
260
1
\U+0627\U+0644\U+062D\U+0645\U+0627\U+0645 \U+0627\U+0644\U+0645\U+063A\U+0631\U+0628\U+064A
50
0
7
ARABIC
72
2
11
16480
21
17060
31
0.0
0
TEXT
8
A-ROOM-EN
10
16480
20
16730
30
0.0
40
160
1
MOROCCAN BATH
50
0
7
ROMANS
72
2
11
16480
21
16730
31
0.0
0
TEXT
8
A-AREA
10
16480
20
16420
30
0.0
40
200
1
34.78 \U+0645\U+00B2
50
0
7
ARABIC
72
2
11
16480
21
16420
31
0.0
0
TEXT
8
A-AREA
10
16480
20
16110
30
0.0
40
190
1
\U+063A\U+0631\U+0641\U+062A\U+0627\U+0646
50
0
7
ARABIC
72
2
11
16480
21
16110
31
0.0
0
LINE
8
A-PART
10
16800
20
13000
30
0.0
11
17700
21
13000
31
0.0
0
LINE
8
A-PART
10
20900
20
13000
30
0.0
11
21400
21
13000
31
0.0
0
LINE
8
A-PART
10
16800
20
17700
30
0.0
11
21400
21
17700
31
0.0
0
LINE
8
A-PART
10
21400
20
13000
30
0.0
11
21400
21
17700
31
0.0
0
TEXT
8
A-ROOM-AR
10
21080
20
17060
30
0.0
40
260
1
\U+0627\U+0644\U+0633\U+0627\U+0648\U+0646\U+0627 \U+0648\U+0627\U+0644\U+0628\U+062E\U+0627\U+0631
50
0
7
ARABIC
72
2
11
21080
21
17060
31
0.0
0
TEXT
8
A-ROOM-EN
10
21080
20
16730
30
0.0
40
160
1
SAUNA / STEAM
50
0
7
ROMANS
72
2
11
21080
21
16730
31
0.0
0
TEXT
8
A-AREA
10
21080
20
16420
30
0.0
40
200
1
21.62 \U+0645\U+00B2
50
0
7
ARABIC
72
2
11
21080
21
16420
31
0.0
0
TEXT
8
A-AREA
10
21080
20
16110
30
0.0
40
190
1
\U+0643\U+0627\U+0628\U+064A\U+0646\U+062A\U+0627\U+0646
50
0
7
ARABIC
72
2
11
21080
21
16110
31
0.0
0
LINE
8
A-PART
10
21400
20
13000
30
0.0
11
22800
21
13000
31
0.0
0
LINE
8
A-PART
10
23700
20
13000
30
0.0
11
25200
21
13000
31
0.0
0
LINE
8
A-PART
10
21400
20
17700
30
0.0
11
25200
21
17700
31
0.0
0
LINE
8
A-PART
10
25200
20
13000
30
0.0
11
25200
21
17700
31
0.0
0
TEXT
8
A-ROOM-AR
10
24880
20
17060
30
0.0
40
260
1
\U+063A\U+0631\U+0641\U+0629 \U+0627\U+0644\U+0645\U+0639\U+062F\U+0627\U+062A
50
0
7
ARABIC
72
2
11
24880
21
17060
31
0.0
0
TEXT
8
A-ROOM-EN
10
24880
20
16730
30
0.0
40
160
1
PLANT ROOM
50
0
7
ROMANS
72
2
11
24880
21
16730
31
0.0
0
TEXT
8
A-AREA
10
24880
20
16420
30
0.0
40
200
1
17.86 \U+0645\U+00B2
50
0
7
ARABIC
72
2
11
24880
21
16420
31
0.0
0
LINE
8
A-PART
10
25200
20
13000
30
0.0
11
26900
21
13000
31
0.0
0
LINE
8
A-PART
10
25200
20
17700
30
0.0
11
29800
21
17700
31
0.0
0
LINE
8
A-PART
10
29800
20
13000
30
0.0
11
29800
21
17700
31
0.0
0
TEXT
8
A-ROOM-AR
10
29480
20
17060
30
0.0
40
260
1
\U+0628\U+064A\U+062A \U+0627\U+0644\U+062F\U+0631\U+062C 2
50
0
7
ARABIC
72
2
11
29480
21
17060
31
0.0
0
TEXT
8
A-ROOM-EN
10
29480
20
16730
30
0.0
40
160
1
STAIR 02
50
0
7
ROMANS
72
2
11
29480
21
16730
31
0.0
0
TEXT
8
A-AREA
10
29480
20
16420
30
0.0
40
200
1
21.62 \U+0645\U+00B2
50
0
7
ARABIC
72
2
11
29480
21
16420
31
0.0
0
TEXT
8
A-AREA
10
29480
20
16110
30
0.0
40
190
1
21 \U+0642\U+0627\U+0626\U+0645\U+0629
50
0
7
ARABIC
72
2
11
29480
21
16110
31
0.0
0
LINE
8
A-DOOR
10
2000
20
13000
30
0.0
11
2000
21
12100
31
0.0
0
ARC
8
A-DOOR
10
2000
20
13000
30
0.0
40
900
50
270
51
360
0
LINE
8
A-DOOR
10
6500
20
13000
30
0.0
11
6500
21
13900
31
0.0
0
ARC
8
A-DOOR
10
6500
20
13000
30
0.0
40
900
50
0
51
90
0
LINE
8
A-DOOR
10
11000
20
13000
30
0.0
11
11000
21
13900
31
0.0
0
ARC
8
A-DOOR
10
11000
20
13000
30
0.0
40
900
50
0
51
90
0
LINE
8
A-DOOR
10
14400
20
13000
30
0.0
11
14400
21
13900
31
0.0
0
ARC
8
A-DOOR
10
14400
20
13000
30
0.0
40
900
50
0
51
90
0
LINE
8
A-DOOR
10
17700
20
13000
30
0.0
11
17700
21
13900
31
0.0
0
ARC
8
A-DOOR
10
17700
20
13000
30
0.0
40
900
50
0
51
90
0
LINE
8
A-DOOR
10
20000
20
13000
30
0.0
11
20000
21
13900
31
0.0
0
ARC
8
A-DOOR
10
20000
20
13000
30
0.0
40
900
50
0
51
90
0
LINE
8
A-DOOR
10
22800
20
13000
30
0.0
11
22800
21
13900
31
0.0
0
ARC
8
A-DOOR
10
22800
20
13000
30
0.0
40
900
50
0
51
90
0
LINE
8
A-DOOR
10
26900
20
13000
30
0.0
11
26900
21
12100
31
0.0
0
ARC
8
A-DOOR
10
26900
20
13000
30
0.0
40
900
50
270
51
360
0
LINE
8
A-DOOR
10
24000
20
4000
30
0.0
11
24900
21
4000
31
0.0
0
ARC
8
A-DOOR
10
24000
20
4000
30
0.0
40
900
50
0
51
90
0
LINE
8
A-VOID
10
0
20
3200
30
0.0
11
29800
21
3200
31
0.0
0
LINE
8
A-GLAZ
10
0
20
-45
30
0.0
11
1550
21
-45
31
0.0
0
LINE
8
A-GLAZ
10
0
20
45
30
0.0
11
1550
21
45
31
0.0
0
LINE
8
A-GLAZ
10
3250
20
-45
30
0.0
11
4800
21
-45
31
0.0
0
LINE
8
A-GLAZ
10
3250
20
45
30
0.0
11
4800
21
45
31
0.0
0
LINE
8
A-GLAZ
10
0
20
-45
30
0.0
11
0
21
45
31
0.0
0
LINE
8
A-GLAZ
10
1550
20
-45
30
0.0
11
1550
21
45
31
0.0
0
LINE
8
A-GLAZ
10
3250
20
-45
30
0.0
11
3250
21
45
31
0.0
0
LINE
8
A-GLAZ
10
4800
20
-45
30
0.0
11
4800
21
45
31
0.0
0
LINE
8
A-GLAZ
10
5000
20
-45
30
0.0
11
6550
21
-45
31
0.0
0
LINE
8
A-GLAZ
10
5000
20
45
30
0.0
11
6550
21
45
31
0.0
0
LINE
8
A-GLAZ
10
8250
20
-45
30
0.0
11
9800
21
-45
31
0.0
0
LINE
8
A-GLAZ
10
8250
20
45
30
0.0
11
9800
21
45
31
0.0
0
LINE
8
A-GLAZ
10
5000
20
-45
30
0.0
11
5000
21
45
31
0.0
0
LINE
8
A-GLAZ
10
6550
20
-45
30
0.0
11
6550
21
45
31
0.0
0
LINE
8
A-GLAZ
10
8250
20
-45
30
0.0
11
8250
21
45
31
0.0
0
LINE
8
A-GLAZ
10
9800
20
-45
30
0.0
11
9800
21
45
31
0.0
0
LINE
8
A-GLAZ
10
10000
20
-45
30
0.0
11
11550
21
-45
31
0.0
0
LINE
8
A-GLAZ
10
10000
20
45
30
0.0
11
11550
21
45
31
0.0
0
LINE
8
A-GLAZ
10
13250
20
-45
30
0.0
11
14800
21
-45
31
0.0
0
LINE
8
A-GLAZ
10
13250
20
45
30
0.0
11
14800
21
45
31
0.0
0
LINE
8
A-GLAZ
10
10000
20
-45
30
0.0
11
10000
21
45
31
0.0
0
LINE
8
A-GLAZ
10
11550
20
-45
30
0.0
11
11550
21
45
31
0.0
0
LINE
8
A-GLAZ
10
13250
20
-45
30
0.0
11
13250
21
45
31
0.0
0
LINE
8
A-GLAZ
10
14800
20
-45
30
0.0
11
14800
21
45
31
0.0
0
LINE
8
A-DOOR
10
11550
20
0
30
0.0
11
11550
21
850
31
0.0
0
ARC
8
A-DOOR
10
11550
20
0
30
0.0
40
850
50
0
51
90
0
LINE
8
A-DOOR
10
13250
20
0
30
0.0
11
13250
21
850
31
0.0
0
ARC
8
A-DOOR
10
13250
20
0
30
0.0
40
850
50
90
51
180
0
LINE
8
A-GLAZ
10
15000
20
-45
30
0.0
11
16550
21
-45
31
0.0
0
LINE
8
A-GLAZ
10
15000
20
45
30
0.0
11
16550
21
45
31
0.0
0
LINE
8
A-GLAZ
10
18250
20
-45
30
0.0
11
19800
21
-45
31
0.0
0
LINE
8
A-GLAZ
10
18250
20
45
30
0.0
11
19800
21
45
31
0.0
0
LINE
8
A-GLAZ
10
15000
20
-45
30
0.0
11
15000
21
45
31
0.0
0
LINE
8
A-GLAZ
10
16550
20
-45
30
0.0
11
16550
21
45
31
0.0
0
LINE
8
A-GLAZ
10
18250
20
-45
30
0.0
11
18250
21
45
31
0.0
0
LINE
8
A-GLAZ
10
19800
20
-45
30
0.0
11
19800
21
45
31
0.0
0
LINE
8
A-DOOR
10
16550
20
0
30
0.0
11
16550
21
850
31
0.0
0
ARC
8
A-DOOR
10
16550
20
0
30
0.0
40
850
50
0
51
90
0
LINE
8
A-DOOR
10
18250
20
0
30
0.0
11
18250
21
850
31
0.0
0
ARC
8
A-DOOR
10
18250
20
0
30
0.0
40
850
50
90
51
180
0
LINE
8
A-GLAZ
10
20000
20
-45
30
0.0
11
21550
21
-45
31
0.0
0
LINE
8
A-GLAZ
10
20000
20
45
30
0.0
11
21550
21
45
31
0.0
0
LINE
8
A-GLAZ
10
23250
20
-45
30
0.0
11
24800
21
-45
31
0.0
0
LINE
8
A-GLAZ
10
23250
20
45
30
0.0
11
24800
21
45
31
0.0
0
LINE
8
A-GLAZ
10
20000
20
-45
30
0.0
11
20000
21
45
31
0.0
0
LINE
8
A-GLAZ
10
21550
20
-45
30
0.0
11
21550
21
45
31
0.0
0
LINE
8
A-GLAZ
10
23250
20
-45
30
0.0
11
23250
21
45
31
0.0
0
LINE
8
A-GLAZ
10
24800
20
-45
30
0.0
11
24800
21
45
31
0.0
0
LINE
8
A-GLAZ
10
25000
20
-45
30
0.0
11
26550
21
-45
31
0.0
0
LINE
8
A-GLAZ
10
25000
20
45
30
0.0
11
26550
21
45
31
0.0
0
LINE
8
A-GLAZ
10
28250
20
-45
30
0.0
11
29800
21
-45
31
0.0
0
LINE
8
A-GLAZ
10
28250
20
45
30
0.0
11
29800
21
45
31
0.0
0
LINE
8
A-GLAZ
10
25000
20
-45
30
0.0
11
25000
21
45
31
0.0
0
LINE
8
A-GLAZ
10
26550
20
-45
30
0.0
11
26550
21
45
31
0.0
0
LINE
8
A-GLAZ
10
28250
20
-45
30
0.0
11
28250
21
45
31
0.0
0
LINE
8
A-GLAZ
10
29800
20
-45
30
0.0
11
29800
21
45
31
0.0
0
LINE
8
A-FURN
10
0
20
300
30
0.0
11
620
21
300
31
0.0
0
LINE
8
A-FURN
10
620
20
300
30
0.0
11
620
21
2900
31
0.0
0
LINE
8
A-FURN
10
620
20
2900
30
0.0
11
0
21
2900
31
0.0
0
LINE
8
A-FURN
10
0
20
2900
30
0.0
11
0
21
300
31
0.0
0
LINE
8
A-FURN
10
0
20
733.333
30
0.0
11
620
21
733.333
31
0.0
0
LINE
8
A-FURN
10
0
20
1166.667
30
0.0
11
620
21
1166.667
31
0.0
0
LINE
8
A-FURN
10
0
20
1600
30
0.0
11
620
21
1600
31
0.0
0
LINE
8
A-FURN
10
0
20
2033.333
30
0.0
11
620
21
2033.333
31
0.0
0
LINE
8
A-FURN
10
0
20
2466.667
30
0.0
11
620
21
2466.667
31
0.0
0
LINE
8
A-FURN
10
1500
20
700
30
0.0
11
2100
21
700
31
0.0
0
LINE
8
A-FURN
10
2100
20
700
30
0.0
11
2100
21
2600
31
0.0
0
LINE
8
A-FURN
10
2100
20
2600
30
0.0
11
1500
21
2600
31
0.0
0
LINE
8
A-FURN
10
1500
20
2600
30
0.0
11
1500
21
700
31
0.0
0
LINE
8
A-FURN
10
1500
20
1080
30
0.0
11
2100
21
1080
31
0.0
0
LINE
8
A-FURN
10
1500
20
1460
30
0.0
11
2100
21
1460
31
0.0
0
LINE
8
A-FURN
10
1500
20
1840
30
0.0
11
2100
21
1840
31
0.0
0
LINE
8
A-FURN
10
1500
20
2220
30
0.0
11
2100
21
2220
31
0.0
0
LINE
8
A-FURN
10
3100
20
700
30
0.0
11
3700
21
700
31
0.0
0
LINE
8
A-FURN
10
3700
20
700
30
0.0
11
3700
21
2600
31
0.0
0
LINE
8
A-FURN
10
3700
20
2600
30
0.0
11
3100
21
2600
31
0.0
0
LINE
8
A-FURN
10
3100
20
2600
30
0.0
11
3100
21
700
31
0.0
0
LINE
8
A-FURN
10
3100
20
1080
30
0.0
11
3700
21
1080
31
0.0
0
LINE
8
A-FURN
10
3100
20
1460
30
0.0
11
3700
21
1460
31
0.0
0
LINE
8
A-FURN
10
3100
20
1840
30
0.0
11
3700
21
1840
31
0.0
0
LINE
8
A-FURN
10
3100
20
2220
30
0.0
11
3700
21
2220
31
0.0
0
LINE
8
A-FURN
10
4700
20
1150
30
0.0
11
5900
21
1150
31
0.0
0
LINE
8
A-FURN
10
5900
20
1150
30
0.0
11
5900
21
2050
31
0.0
0
LINE
8
A-FURN
10
5900
20
2050
30
0.0
11
4700
21
2050
31
0.0
0
LINE
8
A-FURN
10
4700
20
2050
30
0.0
11
4700
21
1150
31
0.0
0
LINE
8
A-FURN
10
5100
20
1150
30
0.0
11
5100
21
2050
31
0.0
0
LINE
8
A-FURN
10
5500
20
1150
30
0.0
11
5500
21
2050
31
0.0
0
LINE
8
A-FURN
10
7000
20
1680
30
0.0
11
9000
21
1680
31
0.0
0
LINE
8
A-FURN
10
9000
20
1680
30
0.0
11
9000
21
2520
31
0.0
0
LINE
8
A-FURN
10
9000
20
2520
30
0.0
11
7000
21
2520
31
0.0
0
LINE
8
A-FURN
10
7000
20
2520
30
0.0
11
7000
21
1680
31
0.0
0
LINE
8
A-FURN
10
7000
20
2290
30
0.0
11
9000
21
2290
31
0.0
0
LINE
8
A-FURN
10
7000
20
1680
30
0.0
11
7150
21
1680
31
0.0
0
LINE
8
A-FURN
10
7150
20
1680
30
0.0
11
7150
21
2520
31
0.0
0
LINE
8
A-FURN
10
7150
20
2520
30
0.0
11
7000
21
2520
31
0.0
0
LINE
8
A-FURN
10
8850
20
1680
30
0.0
11
9000
21
1680
31
0.0
0
LINE
8
A-FURN
10
9000
20
2520
30
0.0
11
8850
21
2520
31
0.0
0
LINE
8
A-FURN
10
8850
20
2520
30
0.0
11
8850
21
1680
31
0.0
0
LINE
8
A-FURN
10
7716.667
20
1680
30
0.0
11
7716.667
21
2290
31
0.0
0
LINE
8
A-FURN
10
8283.333
20
1680
30
0.0
11
8283.333
21
2290
31
0.0
0
LINE
8
A-FURN
10
9400
20
1680
30
0.0
11
11200
21
1680
31
0.0
0
LINE
8
A-FURN
10
11200
20
1680
30
0.0
11
11200
21
2520
31
0.0
0
LINE
8
A-FURN
10
11200
20
2520
30
0.0
11
9400
21
2520
31
0.0
0
LINE
8
A-FURN
10
9400
20
2520
30
0.0
11
9400
21
1680
31
0.0
0
LINE
8
A-FURN
10
9400
20
2290
30
0.0
11
11200
21
2290
31
0.0
0
LINE
8
A-FURN
10
9400
20
1680
30
0.0
11
9550
21
1680
31
0.0
0
LINE
8
A-FURN
10
9550
20
1680
30
0.0
11
9550
21
2520
31
0.0
0
LINE
8
A-FURN
10
9550
20
2520
30
0.0
11
9400
21
2520
31
0.0
0
LINE
8
A-FURN
10
11050
20
1680
30
0.0
11
11200
21
1680
31
0.0
0
LINE
8
A-FURN
10
11200
20
2520
30
0.0
11
11050
21
2520
31
0.0
0
LINE
8
A-FURN
10
11050
20
2520
30
0.0
11
11050
21
1680
31
0.0
0
LINE
8
A-FURN
10
10050
20
1680
30
0.0
11
10050
21
2290
31
0.0
0
LINE
8
A-FURN
10
10550
20
1680
30
0.0
11
10550
21
2290
31
0.0
0
LINE
8
A-FURN
10
13700
20
1680
30
0.0
11
16100
21
1680
31
0.0
0
LINE
8
A-FURN
10
16100
20
1680
30
0.0
11
16100
21
2520
31
0.0
0
LINE
8
A-FURN
10
16100
20
2520
30
0.0
11
13700
21
2520
31
0.0
0
LINE
8
A-FURN
10
13700
20
2520
30
0.0
11
13700
21
1680
31
0.0
0
LINE
8
A-FURN
10
13700
20
2290
30
0.0
11
16100
21
2290
31
0.0
0
LINE
8
A-FURN
10
13700
20
1680
30
0.0
11
13850
21
1680
31
0.0
0
LINE
8
A-FURN
10
13850
20
1680
30
0.0
11
13850
21
2520
31
0.0
0
LINE
8
A-FURN
10
13850
20
2520
30
0.0
11
13700
21
2520
31
0.0
0
LINE
8
A-FURN
10
15950
20
1680
30
0.0
11
16100
21
1680
31
0.0
0
LINE
8
A-FURN
10
16100
20
2520
30
0.0
11
15950
21
2520
31
0.0
0
LINE
8
A-FURN
10
15950
20
2520
30
0.0
11
15950
21
1680
31
0.0
0
LINE
8
A-FURN
10
14550
20
1680
30
0.0
11
14550
21
2290
31
0.0
0
LINE
8
A-FURN
10
15250
20
1680
30
0.0
11
15250
21
2290
31
0.0
0
LINE
8
A-FURN
10
18600
20
1680
30
0.0
11
20200
21
1680
31
0.0
0
LINE
8
A-FURN
10
20200
20
1680
30
0.0
11
20200
21
2520
31
0.0
0
LINE
8
A-FURN
10
20200
20
2520
30
0.0
11
18600
21
2520
31
0.0
0
LINE
8
A-FURN
10
18600
20
2520
30
0.0
11
18600
21
1680
31
0.0
0
LINE
8
A-FURN
10
18600
20
2290
30
0.0
11
20200
21
2290
31
0.0
0
LINE
8
A-FURN
10
18600
20
1680
30
0.0
11
18750
21
1680
31
0.0
0
LINE
8
A-FURN
10
18750
20
1680
30
0.0
11
18750
21
2520
31
0.0
0
LINE
8
A-FURN
10
18750
20
2520
30
0.0
11
18600
21
2520
31
0.0
0
LINE
8
A-FURN
10
20050
20
1680
30
0.0
11
20200
21
1680
31
0.0
0
LINE
8
A-FURN
10
20200
20
2520
30
0.0
11
20050
21
2520
31
0.0
0
LINE
8
A-FURN
10
20050
20
2520
30
0.0
11
20050
21
1680
31
0.0
0
LINE
8
A-FURN
10
19400
20
1680
30
0.0
11
19400
21
2290
31
0.0
0
CIRCLE
8
A-FURN
10
8000
20
1000
30
0.0
40
340
0
CIRCLE
8
A-FURN
10
8000
20
1000
30
0.0
40
90
0
CIRCLE
8
A-FURN
10
10300
20
1000
30
0.0
40
340
0
CIRCLE
8
A-FURN
10
10300
20
1000
30
0.0
40
90
0
CIRCLE
8
A-FURN
10
14900
20
1000
30
0.0
40
340
0
CIRCLE
8
A-FURN
10
14900
20
1000
30
0.0
40
90
0
CIRCLE
8
A-FURN
10
19400
20
1000
30
0.0
40
340
0
CIRCLE
8
A-FURN
10
19400
20
1000
30
0.0
40
90
0
LINE
8
A-FURN
10
22000
20
1500
30
0.0
11
27000
21
1500
31
0.0
0
LINE
8
A-FURN
10
27000
20
1500
30
0.0
11
27000
21
2300
31
0.0
0
LINE
8
A-FURN
10
27000
20
2300
30
0.0
11
22000
21
2300
31
0.0
0
LINE
8
A-FURN
10
22000
20
2300
30
0.0
11
22000
21
1500
31
0.0
0
LINE
8
A-FURN
10
22000
20
2140
30
0.0
11
27000
21
2140
31
0.0
0
CIRCLE
8
A-FURN
10
23200
20
1050
30
0.0
40
250
0
CIRCLE
8
A-FURN
10
25600
20
1050
30
0.0
40
250
0
LINE
8
A-EQIP
10
22600
20
1650
30
0.0
11
23200
21
1650
31
0.0
0
LINE
8
A-EQIP
10
23200
20
1650
30
0.0
11
23200
21
2080
31
0.0
0
LINE
8
A-EQIP
10
23200
20
2080
30
0.0
11
22600
21
2080
31
0.0
0
LINE
8
A-EQIP
10
22600
20
2080
30
0.0
11
22600
21
1650
31
0.0
0
LINE
8
A-EQIP
10
25500
20
1650
30
0.0
11
26100
21
1650
31
0.0
0
LINE
8
A-EQIP
10
26100
20
1650
30
0.0
11
26100
21
2080
31
0.0
0
LINE
8
A-EQIP
10
26100
20
2080
30
0.0
11
25500
21
2080
31
0.0
0
LINE
8
A-EQIP
10
25500
20
2080
30
0.0
11
25500
21
1650
31
0.0
0
LINE
8
A-EQIP
10
1570
20
3450
30
0.0
11
1570
21
4150
31
0.0
0
LINE
8
A-EQIP
10
1570
20
4150
30
0.0
11
1180
21
4150
31
0.0
0
LINE
8
A-EQIP
10
1180
20
4150
30
0.0
11
1180
21
3450
31
0.0
0
LINE
8
A-EQIP
10
1180
20
3450
30
0.0
11
1570
21
3450
31
0.0
0
ARC
8
A-EQIP
10
1270
20
3800
30
0.0
40
255
50
90
51
270
0
CIRCLE
8
A-EQIP
10
1270
20
3800
30
0.0
40
60
0
CIRCLE
8
A-EQIP
10
1480
20
3800
30
0.0
40
50
0
LINE
8
A-FURN
10
1180
20
3510
30
0.0
11
1180
21
4090
31
0.0
0
LINE
8
A-FURN
10
1180
20
4090
30
0.0
11
30
21
4090
31
0.0
0
LINE
8
A-FURN
10
30
20
4090
30
0.0
11
30
21
3510
31
0.0
0
LINE
8
A-FURN
10
30
20
3510
30
0.0
11
1180
21
3510
31
0.0
0
LINE
8
A-FURN
10
820
20
3510
30
0.0
11
820
21
4090
31
0.0
0
LINE
8
A-FURN
10
390
20
3510
30
0.0
11
390
21
4090
31
0.0
0
LINE
8
A-FURN
10
1090
20
3470
30
0.0
11
1090
21
3510
31
0.0
0
LINE
8
A-FURN
10
1090
20
3510
30
0.0
11
850
21
3510
31
0.0
0
LINE
8
A-FURN
10
850
20
3510
30
0.0
11
850
21
3470
31
0.0
0
LINE
8
A-FURN
10
850
20
3470
30
0.0
11
1090
21
3470
31
0.0
0
LINE
8
A-FURN
10
1090
20
4090
30
0.0
11
1090
21
4130
31
0.0
0
LINE
8
A-FURN
10
1090
20
4130
30
0.0
11
850
21
4130
31
0.0
0
LINE
8
A-FURN
10
850
20
4130
30
0.0
11
850
21
4090
31
0.0
0
LINE
8
A-FURN
10
850
20
4090
30
0.0
11
1090
21
4090
31
0.0
0
LINE
8
A-EQIP
10
1570
20
4400
30
0.0
11
1570
21
5100
31
0.0
0
LINE
8
A-EQIP
10
1570
20
5100
30
0.0
11
1180
21
5100
31
0.0
0
LINE
8
A-EQIP
10
1180
20
5100
30
0.0
11
1180
21
4400
31
0.0
0
LINE
8
A-EQIP
10
1180
20
4400
30
0.0
11
1570
21
4400
31
0.0
0
ARC
8
A-EQIP
10
1270
20
4750
30
0.0
40
255
50
90
51
270
0
CIRCLE
8
A-EQIP
10
1270
20
4750
30
0.0
40
60
0
CIRCLE
8
A-EQIP
10
1480
20
4750
30
0.0
40
50
0
LINE
8
A-FURN
10
1180
20
4460
30
0.0
11
1180
21
5040
31
0.0
0
LINE
8
A-FURN
10
1180
20
5040
30
0.0
11
30
21
5040
31
0.0
0
LINE
8
A-FURN
10
30
20
5040
30
0.0
11
30
21
4460
31
0.0
0
LINE
8
A-FURN
10
30
20
4460
30
0.0
11
1180
21
4460
31
0.0
0
LINE
8
A-FURN
10
820
20
4460
30
0.0
11
820
21
5040
31
0.0
0
LINE
8
A-FURN
10
390
20
4460
30
0.0
11
390
21
5040
31
0.0
0
LINE
8
A-FURN
10
1090
20
4420
30
0.0
11
1090
21
4460
31
0.0
0
LINE
8
A-FURN
10
1090
20
4460
30
0.0
11
850
21
4460
31
0.0
0
LINE
8
A-FURN
10
850
20
4460
30
0.0
11
850
21
4420
31
0.0
0
LINE
8
A-FURN
10
850
20
4420
30
0.0
11
1090
21
4420
31
0.0
0
LINE
8
A-FURN
10
1090
20
5040
30
0.0
11
1090
21
5080
31
0.0
0
LINE
8
A-FURN
10
1090
20
5080
30
0.0
11
850
21
5080
31
0.0
0
LINE
8
A-FURN
10
850
20
5080
30
0.0
11
850
21
5040
31
0.0
0
LINE
8
A-FURN
10
850
20
5040
30
0.0
11
1090
21
5040
31
0.0
0
LINE
8
A-EQIP
10
1570
20
5350
30
0.0
11
1570
21
6050
31
0.0
0
LINE
8
A-EQIP
10
1570
20
6050
30
0.0
11
1180
21
6050
31
0.0
0
LINE
8
A-EQIP
10
1180
20
6050
30
0.0
11
1180
21
5350
31
0.0
0
LINE
8
A-EQIP
10
1180
20
5350
30
0.0
11
1570
21
5350
31
0.0
0
ARC
8
A-EQIP
10
1270
20
5700
30
0.0
40
255
50
90
51
270
0
CIRCLE
8
A-EQIP
10
1270
20
5700
30
0.0
40
60
0
CIRCLE
8
A-EQIP
10
1480
20
5700
30
0.0
40
50
0
LINE
8
A-FURN
10
1180
20
5410
30
0.0
11
1180
21
5990
31
0.0
0
LINE
8
A-FURN
10
1180
20
5990
30
0.0
11
30
21
5990
31
0.0
0
LINE
8
A-FURN
10
30
20
5990
30
0.0
11
30
21
5410
31
0.0
0
LINE
8
A-FURN
10
30
20
5410
30
0.0
11
1180
21
5410
31
0.0
0
LINE
8
A-FURN
10
820
20
5410
30
0.0
11
820
21
5990
31
0.0
0
LINE
8
A-FURN
10
390
20
5410
30
0.0
11
390
21
5990
31
0.0
0
LINE
8
A-FURN
10
1090
20
5370
30
0.0
11
1090
21
5410
31
0.0
0
LINE
8
A-FURN
10
1090
20
5410
30
0.0
11
850
21
5410
31
0.0
0
LINE
8
A-FURN
10
850
20
5410
30
0.0
11
850
21
5370
31
0.0
0
LINE
8
A-FURN
10
850
20
5370
30
0.0
11
1090
21
5370
31
0.0
0
LINE
8
A-FURN
10
1090
20
5990
30
0.0
11
1090
21
6030
31
0.0
0
LINE
8
A-FURN
10
1090
20
6030
30
0.0
11
850
21
6030
31
0.0
0
LINE
8
A-FURN
10
850
20
6030
30
0.0
11
850
21
5990
31
0.0
0
LINE
8
A-FURN
10
850
20
5990
30
0.0
11
1090
21
5990
31
0.0
0
LINE
8
A-EQIP
10
1570
20
6300
30
0.0
11
1570
21
7000
31
0.0
0
LINE
8
A-EQIP
10
1570
20
7000
30
0.0
11
1180
21
7000
31
0.0
0
LINE
8
A-EQIP
10
1180
20
7000
30
0.0
11
1180
21
6300
31
0.0
0
LINE
8
A-EQIP
10
1180
20
6300
30
0.0
11
1570
21
6300
31
0.0
0
ARC
8
A-EQIP
10
1270
20
6650
30
0.0
40
255
50
90
51
270
0
CIRCLE
8
A-EQIP
10
1270
20
6650
30
0.0
40
60
0
CIRCLE
8
A-EQIP
10
1480
20
6650
30
0.0
40
50
0
LINE
8
A-FURN
10
1180
20
6360
30
0.0
11
1180
21
6940
31
0.0
0
LINE
8
A-FURN
10
1180
20
6940
30
0.0
11
30
21
6940
31
0.0
0
LINE
8
A-FURN
10
30
20
6940
30
0.0
11
30
21
6360
31
0.0
0
LINE
8
A-FURN
10
30
20
6360
30
0.0
11
1180
21
6360
31
0.0
0
LINE
8
A-FURN
10
820
20
6360
30
0.0
11
820
21
6940
31
0.0
0
LINE
8
A-FURN
10
390
20
6360
30
0.0
11
390
21
6940
31
0.0
0
LINE
8
A-FURN
10
1090
20
6320
30
0.0
11
1090
21
6360
31
0.0
0
LINE
8
A-FURN
10
1090
20
6360
30
0.0
11
850
21
6360
31
0.0
0
LINE
8
A-FURN
10
850
20
6360
30
0.0
11
850
21
6320
31
0.0
0
LINE
8
A-FURN
10
850
20
6320
30
0.0
11
1090
21
6320
31
0.0
0
LINE
8
A-FURN
10
1090
20
6940
30
0.0
11
1090
21
6980
31
0.0
0
LINE
8
A-FURN
10
1090
20
6980
30
0.0
11
850
21
6980
31
0.0
0
LINE
8
A-FURN
10
850
20
6980
30
0.0
11
850
21
6940
31
0.0
0
LINE
8
A-FURN
10
850
20
6940
30
0.0
11
1090
21
6940
31
0.0
0
LINE
8
A-EQIP
10
1570
20
7250
30
0.0
11
1570
21
7950
31
0.0
0
LINE
8
A-EQIP
10
1570
20
7950
30
0.0
11
1180
21
7950
31
0.0
0
LINE
8
A-EQIP
10
1180
20
7950
30
0.0
11
1180
21
7250
31
0.0
0
LINE
8
A-EQIP
10
1180
20
7250
30
0.0
11
1570
21
7250
31
0.0
0
ARC
8
A-EQIP
10
1270
20
7600
30
0.0
40
255
50
90
51
270
0
CIRCLE
8
A-EQIP
10
1270
20
7600
30
0.0
40
60
0
CIRCLE
8
A-EQIP
10
1480
20
7600
30
0.0
40
50
0
LINE
8
A-FURN
10
1180
20
7310
30
0.0
11
1180
21
7890
31
0.0
0
LINE
8
A-FURN
10
1180
20
7890
30
0.0
11
30
21
7890
31
0.0
0
LINE
8
A-FURN
10
30
20
7890
30
0.0
11
30
21
7310
31
0.0
0
LINE
8
A-FURN
10
30
20
7310
30
0.0
11
1180
21
7310
31
0.0
0
LINE
8
A-FURN
10
820
20
7310
30
0.0
11
820
21
7890
31
0.0
0
LINE
8
A-FURN
10
390
20
7310
30
0.0
11
390
21
7890
31
0.0
0
LINE
8
A-FURN
10
1090
20
7270
30
0.0
11
1090
21
7310
31
0.0
0
LINE
8
A-FURN
10
1090
20
7310
30
0.0
11
850
21
7310
31
0.0
0
LINE
8
A-FURN
10
850
20
7310
30
0.0
11
850
21
7270
31
0.0
0
LINE
8
A-FURN
10
850
20
7270
30
0.0
11
1090
21
7270
31
0.0
0
LINE
8
A-FURN
10
1090
20
7890
30
0.0
11
1090
21
7930
31
0.0
0
LINE
8
A-FURN
10
1090
20
7930
30
0.0
11
850
21
7930
31
0.0
0
LINE
8
A-FURN
10
850
20
7930
30
0.0
11
850
21
7890
31
0.0
0
LINE
8
A-FURN
10
850
20
7890
30
0.0
11
1090
21
7890
31
0.0
0
LINE
8
A-EQIP
10
1570
20
8200
30
0.0
11
1570
21
8900
31
0.0
0
LINE
8
A-EQIP
10
1570
20
8900
30
0.0
11
1180
21
8900
31
0.0
0
LINE
8
A-EQIP
10
1180
20
8900
30
0.0
11
1180
21
8200
31
0.0
0
LINE
8
A-EQIP
10
1180
20
8200
30
0.0
11
1570
21
8200
31
0.0
0
ARC
8
A-EQIP
10
1270
20
8550
30
0.0
40
255
50
90
51
270
0
CIRCLE
8
A-EQIP
10
1270
20
8550
30
0.0
40
60
0
CIRCLE
8
A-EQIP
10
1480
20
8550
30
0.0
40
50
0
LINE
8
A-FURN
10
1180
20
8260
30
0.0
11
1180
21
8840
31
0.0
0
LINE
8
A-FURN
10
1180
20
8840
30
0.0
11
30
21
8840
31
0.0
0
LINE
8
A-FURN
10
30
20
8840
30
0.0
11
30
21
8260
31
0.0
0
LINE
8
A-FURN
10
30
20
8260
30
0.0
11
1180
21
8260
31
0.0
0
LINE
8
A-FURN
10
820
20
8260
30
0.0
11
820
21
8840
31
0.0
0
LINE
8
A-FURN
10
390
20
8260
30
0.0
11
390
21
8840
31
0.0
0
LINE
8
A-FURN
10
1090
20
8220
30
0.0
11
1090
21
8260
31
0.0
0
LINE
8
A-FURN
10
1090
20
8260
30
0.0
11
850
21
8260
31
0.0
0
LINE
8
A-FURN
10
850
20
8260
30
0.0
11
850
21
8220
31
0.0
0
LINE
8
A-FURN
10
850
20
8220
30
0.0
11
1090
21
8220
31
0.0
0
LINE
8
A-FURN
10
1090
20
8840
30
0.0
11
1090
21
8880
31
0.0
0
LINE
8
A-FURN
10
1090
20
8880
30
0.0
11
850
21
8880
31
0.0
0
LINE
8
A-FURN
10
850
20
8880
30
0.0
11
850
21
8840
31
0.0
0
LINE
8
A-FURN
10
850
20
8840
30
0.0
11
1090
21
8840
31
0.0
0
LINE
8
A-EQIP
10
1570
20
9150
30
0.0
11
1570
21
9850
31
0.0
0
LINE
8
A-EQIP
10
1570
20
9850
30
0.0
11
1180
21
9850
31
0.0
0
LINE
8
A-EQIP
10
1180
20
9850
30
0.0
11
1180
21
9150
31
0.0
0
LINE
8
A-EQIP
10
1180
20
9150
30
0.0
11
1570
21
9150
31
0.0
0
ARC
8
A-EQIP
10
1270
20
9500
30
0.0
40
255
50
90
51
270
0
CIRCLE
8
A-EQIP
10
1270
20
9500
30
0.0
40
60
0
CIRCLE
8
A-EQIP
10
1480
20
9500
30
0.0
40
50
0
LINE
8
A-FURN
10
1180
20
9210
30
0.0
11
1180
21
9790
31
0.0
0
LINE
8
A-FURN
10
1180
20
9790
30
0.0
11
30
21
9790
31
0.0
0
LINE
8
A-FURN
10
30
20
9790
30
0.0
11
30
21
9210
31
0.0
0
LINE
8
A-FURN
10
30
20
9210
30
0.0
11
1180
21
9210
31
0.0
0
LINE
8
A-FURN
10
820
20
9210
30
0.0
11
820
21
9790
31
0.0
0
LINE
8
A-FURN
10
390
20
9210
30
0.0
11
390
21
9790
31
0.0
0
LINE
8
A-FURN
10
1090
20
9170
30
0.0
11
1090
21
9210
31
0.0
0
LINE
8
A-FURN
10
1090
20
9210
30
0.0
11
850
21
9210
31
0.0
0
LINE
8
A-FURN
10
850
20
9210
30
0.0
11
850
21
9170
31
0.0
0
LINE
8
A-FURN
10
850
20
9170
30
0.0
11
1090
21
9170
31
0.0
0
LINE
8
A-FURN
10
1090
20
9790
30
0.0
11
1090
21
9830
31
0.0
0
LINE
8
A-FURN
10
1090
20
9830
30
0.0
11
850
21
9830
31
0.0
0
LINE
8
A-FURN
10
850
20
9830
30
0.0
11
850
21
9790
31
0.0
0
LINE
8
A-FURN
10
850
20
9790
30
0.0
11
1090
21
9790
31
0.0
0
LINE
8
A-EQIP
10
1570
20
10100
30
0.0
11
1570
21
10800
31
0.0
0
LINE
8
A-EQIP
10
1570
20
10800
30
0.0
11
1180
21
10800
31
0.0
0
LINE
8
A-EQIP
10
1180
20
10800
30
0.0
11
1180
21
10100
31
0.0
0
LINE
8
A-EQIP
10
1180
20
10100
30
0.0
11
1570
21
10100
31
0.0
0
ARC
8
A-EQIP
10
1270
20
10450
30
0.0
40
255
50
90
51
270
0
CIRCLE
8
A-EQIP
10
1270
20
10450
30
0.0
40
60
0
CIRCLE
8
A-EQIP
10
1480
20
10450
30
0.0
40
50
0
LINE
8
A-FURN
10
1180
20
10160
30
0.0
11
1180
21
10740
31
0.0
0
LINE
8
A-FURN
10
1180
20
10740
30
0.0
11
30
21
10740
31
0.0
0
LINE
8
A-FURN
10
30
20
10740
30
0.0
11
30
21
10160
31
0.0
0
LINE
8
A-FURN
10
30
20
10160
30
0.0
11
1180
21
10160
31
0.0
0
LINE
8
A-FURN
10
820
20
10160
30
0.0
11
820
21
10740
31
0.0
0
LINE
8
A-FURN
10
390
20
10160
30
0.0
11
390
21
10740
31
0.0
0
LINE
8
A-FURN
10
1090
20
10120
30
0.0
11
1090
21
10160
31
0.0
0
LINE
8
A-FURN
10
1090
20
10160
30
0.0
11
850
21
10160
31
0.0
0
LINE
8
A-FURN
10
850
20
10160
30
0.0
11
850
21
10120
31
0.0
0
LINE
8
A-FURN
10
850
20
10120
30
0.0
11
1090
21
10120
31
0.0
0
LINE
8
A-FURN
10
1090
20
10740
30
0.0
11
1090
21
10780
31
0.0
0
LINE
8
A-FURN
10
1090
20
10780
30
0.0
11
850
21
10780
31
0.0
0
LINE
8
A-FURN
10
850
20
10780
30
0.0
11
850
21
10740
31
0.0
0
LINE
8
A-FURN
10
850
20
10740
30
0.0
11
1090
21
10740
31
0.0
0
LINE
8
A-FURN
10
5200
20
7000
30
0.0
11
20400
21
7000
31
0.0
0
LINE
8
A-FURN
10
20400
20
7000
30
0.0
11
20400
21
7600
31
0.0
0
LINE
8
A-FURN
10
20400
20
7600
30
0.0
11
5200
21
7600
31
0.0
0
LINE
8
A-FURN
10
5200
20
7600
30
0.0
11
5200
21
7000
31
0.0
0
LINE
8
A-FURN
10
5200
20
7300
30
0.0
11
20400
21
7300
31
0.0
0
CIRCLE
8
A-FURN
10
5700
20
8500
30
0.0
40
210
0
CIRCLE
8
A-FURN
10
5700
20
8500
30
0.0
40
70
0
LINE
8
A-FURN
10
5945
20
8690
30
0.0
11
5455
21
8690
31
0.0
0
LINE
8
A-FURN
10
5455
20
8690
30
0.0
11
5455
21
8250
31
0.0
0
LINE
8
A-FURN
10
5455
20
8250
30
0.0
11
5945
21
8250
31
0.0
0
LINE
8
A-FURN
10
5945
20
8250
30
0.0
11
5945
21
8690
31
0.0
0
LINE
8
A-FURN
10
5955
20
8830
30
0.0
11
5445
21
8830
31
0.0
0
LINE
8
A-FURN
10
5445
20
8830
30
0.0
11
5445
21
8690
31
0.0
0
LINE
8
A-FURN
10
5445
20
8690
30
0.0
11
5955
21
8690
31
0.0
0
LINE
8
A-FURN
10
5955
20
8690
30
0.0
11
5955
21
8830
31
0.0
0
LINE
8
A-FURN
10
5895
20
8800
30
0.0
11
5505
21
8800
31
0.0
0
LINE
8
A-FURN
10
6010
20
8610
30
0.0
11
5945
21
8610
31
0.0
0
LINE
8
A-FURN
10
5945
20
8610
30
0.0
11
5945
21
8330
31
0.0
0
LINE
8
A-FURN
10
5945
20
8330
30
0.0
11
6010
21
8330
31
0.0
0
LINE
8
A-FURN
10
6010
20
8330
30
0.0
11
6010
21
8610
31
0.0
0
LINE
8
A-FURN
10
5455
20
8610
30
0.0
11
5390
21
8610
31
0.0
0
LINE
8
A-FURN
10
5390
20
8610
30
0.0
11
5390
21
8330
31
0.0
0
LINE
8
A-FURN
10
5390
20
8330
30
0.0
11
5455
21
8330
31
0.0
0
LINE
8
A-FURN
10
5455
20
8330
30
0.0
11
5455
21
8610
31
0.0
0
ARC
8
A-FURN
10
5700
20
8250
30
0.0
40
245
50
180
51
360
0
CIRCLE
8
A-FURN
10
5700
20
6100
30
0.0
40
210
0
CIRCLE
8
A-FURN
10
5700
20
6100
30
0.0
40
70
0
LINE
8
A-FURN
10
5455
20
5910
30
0.0
11
5945
21
5910
31
0.0
0
LINE
8
A-FURN
10
5945
20
5910
30
0.0
11
5945
21
6350
31
0.0
0
LINE
8
A-FURN
10
5945
20
6350
30
0.0
11
5455
21
6350
31
0.0
0
LINE
8
A-FURN
10
5455
20
6350
30
0.0
11
5455
21
5910
31
0.0
0
LINE
8
A-FURN
10
5445
20
5770
30
0.0
11
5955
21
5770
31
0.0
0
LINE
8
A-FURN
10
5955
20
5770
30
0.0
11
5955
21
5910
31
0.0
0
LINE
8
A-FURN
10
5955
20
5910
30
0.0
11
5445
21
5910
31
0.0
0
LINE
8
A-FURN
10
5445
20
5910
30
0.0
11
5445
21
5770
31
0.0
0
LINE
8
A-FURN
10
5505
20
5800
30
0.0
11
5895
21
5800
31
0.0
0
LINE
8
A-FURN
10
5390
20
5990
30
0.0
11
5455
21
5990
31
0.0
0
LINE
8
A-FURN
10
5455
20
5990
30
0.0
11
5455
21
6270
31
0.0
0
LINE
8
A-FURN
10
5455
20
6270
30
0.0
11
5390
21
6270
31
0.0
0
LINE
8
A-FURN
10
5390
20
6270
30
0.0
11
5390
21
5990
31
0.0
0
LINE
8
A-FURN
10
5945
20
5990
30
0.0
11
6010
21
5990
31
0.0
0
LINE
8
A-FURN
10
6010
20
5990
30
0.0
11
6010
21
6270
31
0.0
0
LINE
8
A-FURN
10
6010
20
6270
30
0.0
11
5945
21
6270
31
0.0
0
LINE
8
A-FURN
10
5945
20
6270
30
0.0
11
5945
21
5990
31
0.0
0
ARC
8
A-FURN
10
5700
20
6350
30
0.0
40
245
50
0
51
180
0
CIRCLE
8
A-FURN
10
7250
20
8500
30
0.0
40
210
0
CIRCLE
8
A-FURN
10
7250
20
8500
30
0.0
40
70
0
LINE
8
A-FURN
10
7495
20
8690
30
0.0
11
7005
21
8690
31
0.0
0
LINE
8
A-FURN
10
7005
20
8690
30
0.0
11
7005
21
8250
31
0.0
0
LINE
8
A-FURN
10
7005
20
8250
30
0.0
11
7495
21
8250
31
0.0
0
LINE
8
A-FURN
10
7495
20
8250
30
0.0
11
7495
21
8690
31
0.0
0
LINE
8
A-FURN
10
7505
20
8830
30
0.0
11
6995
21
8830
31
0.0
0
LINE
8
A-FURN
10
6995
20
8830
30
0.0
11
6995
21
8690
31
0.0
0
LINE
8
A-FURN
10
6995
20
8690
30
0.0
11
7505
21
8690
31
0.0
0
LINE
8
A-FURN
10
7505
20
8690
30
0.0
11
7505
21
8830
31
0.0
0
LINE
8
A-FURN
10
7445
20
8800
30
0.0
11
7055
21
8800
31
0.0
0
LINE
8
A-FURN
10
7560
20
8610
30
0.0
11
7495
21
8610
31
0.0
0
LINE
8
A-FURN
10
7495
20
8610
30
0.0
11
7495
21
8330
31
0.0
0
LINE
8
A-FURN
10
7495
20
8330
30
0.0
11
7560
21
8330
31
0.0
0
LINE
8
A-FURN
10
7560
20
8330
30
0.0
11
7560
21
8610
31
0.0
0
LINE
8
A-FURN
10
7005
20
8610
30
0.0
11
6940
21
8610
31
0.0
0
LINE
8
A-FURN
10
6940
20
8610
30
0.0
11
6940
21
8330
31
0.0
0
LINE
8
A-FURN
10
6940
20
8330
30
0.0
11
7005
21
8330
31
0.0
0
LINE
8
A-FURN
10
7005
20
8330
30
0.0
11
7005
21
8610
31
0.0
0
ARC
8
A-FURN
10
7250
20
8250
30
0.0
40
245
50
180
51
360
0
CIRCLE
8
A-FURN
10
7250
20
6100
30
0.0
40
210
0
CIRCLE
8
A-FURN
10
7250
20
6100
30
0.0
40
70
0
LINE
8
A-FURN
10
7005
20
5910
30
0.0
11
7495
21
5910
31
0.0
0
LINE
8
A-FURN
10
7495
20
5910
30
0.0
11
7495
21
6350
31
0.0
0
LINE
8
A-FURN
10
7495
20
6350
30
0.0
11
7005
21
6350
31
0.0
0
LINE
8
A-FURN
10
7005
20
6350
30
0.0
11
7005
21
5910
31
0.0
0
LINE
8
A-FURN
10
6995
20
5770
30
0.0
11
7505
21
5770
31
0.0
0
LINE
8
A-FURN
10
7505
20
5770
30
0.0
11
7505
21
5910
31
0.0
0
LINE
8
A-FURN
10
7505
20
5910
30
0.0
11
6995
21
5910
31
0.0
0
LINE
8
A-FURN
10
6995
20
5910
30
0.0
11
6995
21
5770
31
0.0
0
LINE
8
A-FURN
10
7055
20
5800
30
0.0
11
7445
21
5800
31
0.0
0
LINE
8
A-FURN
10
6940
20
5990
30
0.0
11
7005
21
5990
31
0.0
0
LINE
8
A-FURN
10
7005
20
5990
30
0.0
11
7005
21
6270
31
0.0
0
LINE
8
A-FURN
10
7005
20
6270
30
0.0
11
6940
21
6270
31
0.0
0
LINE
8
A-FURN
10
6940
20
6270
30
0.0
11
6940
21
5990
31
0.0
0
LINE
8
A-FURN
10
7495
20
5990
30
0.0
11
7560
21
5990
31
0.0
0
LINE
8
A-FURN
10
7560
20
5990
30
0.0
11
7560
21
6270
31
0.0
0
LINE
8
A-FURN
10
7560
20
6270
30
0.0
11
7495
21
6270
31
0.0
0
LINE
8
A-FURN
10
7495
20
6270
30
0.0
11
7495
21
5990
31
0.0
0
ARC
8
A-FURN
10
7250
20
6350
30
0.0
40
245
50
0
51
180
0
CIRCLE
8
A-FURN
10
8800
20
8500
30
0.0
40
210
0
CIRCLE
8
A-FURN
10
8800
20
8500
30
0.0
40
70
0
LINE
8
A-FURN
10
9045
20
8690
30
0.0
11
8555
21
8690
31
0.0
0
LINE
8
A-FURN
10
8555
20
8690
30
0.0
11
8555
21
8250
31
0.0
0
LINE
8
A-FURN
10
8555
20
8250
30
0.0
11
9045
21
8250
31
0.0
0
LINE
8
A-FURN
10
9045
20
8250
30
0.0
11
9045
21
8690
31
0.0
0
LINE
8
A-FURN
10
9055
20
8830
30
0.0
11
8545
21
8830
31
0.0
0
LINE
8
A-FURN
10
8545
20
8830
30
0.0
11
8545
21
8690
31
0.0
0
LINE
8
A-FURN
10
8545
20
8690
30
0.0
11
9055
21
8690
31
0.0
0
LINE
8
A-FURN
10
9055
20
8690
30
0.0
11
9055
21
8830
31
0.0
0
LINE
8
A-FURN
10
8995
20
8800
30
0.0
11
8605
21
8800
31
0.0
0
LINE
8
A-FURN
10
9110
20
8610
30
0.0
11
9045
21
8610
31
0.0
0
LINE
8
A-FURN
10
9045
20
8610
30
0.0
11
9045
21
8330
31
0.0
0
LINE
8
A-FURN
10
9045
20
8330
30
0.0
11
9110
21
8330
31
0.0
0
LINE
8
A-FURN
10
9110
20
8330
30
0.0
11
9110
21
8610
31
0.0
0
LINE
8
A-FURN
10
8555
20
8610
30
0.0
11
8490
21
8610
31
0.0
0
LINE
8
A-FURN
10
8490
20
8610
30
0.0
11
8490
21
8330
31
0.0
0
LINE
8
A-FURN
10
8490
20
8330
30
0.0
11
8555
21
8330
31
0.0
0
LINE
8
A-FURN
10
8555
20
8330
30
0.0
11
8555
21
8610
31
0.0
0
ARC
8
A-FURN
10
8800
20
8250
30
0.0
40
245
50
180
51
360
0
CIRCLE
8
A-FURN
10
8800
20
6100
30
0.0
40
210
0
CIRCLE
8
A-FURN
10
8800
20
6100
30
0.0
40
70
0
LINE
8
A-FURN
10
8555
20
5910
30
0.0
11
9045
21
5910
31
0.0
0
LINE
8
A-FURN
10
9045
20
5910
30
0.0
11
9045
21
6350
31
0.0
0
LINE
8
A-FURN
10
9045
20
6350
30
0.0
11
8555
21
6350
31
0.0
0
LINE
8
A-FURN
10
8555
20
6350
30
0.0
11
8555
21
5910
31
0.0
0
LINE
8
A-FURN
10
8545
20
5770
30
0.0
11
9055
21
5770
31
0.0
0
LINE
8
A-FURN
10
9055
20
5770
30
0.0
11
9055
21
5910
31
0.0
0
LINE
8
A-FURN
10
9055
20
5910
30
0.0
11
8545
21
5910
31
0.0
0
LINE
8
A-FURN
10
8545
20
5910
30
0.0
11
8545
21
5770
31
0.0
0
LINE
8
A-FURN
10
8605
20
5800
30
0.0
11
8995
21
5800
31
0.0
0
LINE
8
A-FURN
10
8490
20
5990
30
0.0
11
8555
21
5990
31
0.0
0
LINE
8
A-FURN
10
8555
20
5990
30
0.0
11
8555
21
6270
31
0.0
0
LINE
8
A-FURN
10
8555
20
6270
30
0.0
11
8490
21
6270
31
0.0
0
LINE
8
A-FURN
10
8490
20
6270
30
0.0
11
8490
21
5990
31
0.0
0
LINE
8
A-FURN
10
9045
20
5990
30
0.0
11
9110
21
5990
31
0.0
0
LINE
8
A-FURN
10
9110
20
5990
30
0.0
11
9110
21
6270
31
0.0
0
LINE
8
A-FURN
10
9110
20
6270
30
0.0
11
9045
21
6270
31
0.0
0
LINE
8
A-FURN
10
9045
20
6270
30
0.0
11
9045
21
5990
31
0.0
0
ARC
8
A-FURN
10
8800
20
6350
30
0.0
40
245
50
0
51
180
0
CIRCLE
8
A-FURN
10
10350
20
8500
30
0.0
40
210
0
CIRCLE
8
A-FURN
10
10350
20
8500
30
0.0
40
70
0
LINE
8
A-FURN
10
10595
20
8690
30
0.0
11
10105
21
8690
31
0.0
0
LINE
8
A-FURN
10
10105
20
8690
30
0.0
11
10105
21
8250
31
0.0
0
LINE
8
A-FURN
10
10105
20
8250
30
0.0
11
10595
21
8250
31
0.0
0
LINE
8
A-FURN
10
10595
20
8250
30
0.0
11
10595
21
8690
31
0.0
0
LINE
8
A-FURN
10
10605
20
8830
30
0.0
11
10095
21
8830
31
0.0
0
LINE
8
A-FURN
10
10095
20
8830
30
0.0
11
10095
21
8690
31
0.0
0
LINE
8
A-FURN
10
10095
20
8690
30
0.0
11
10605
21
8690
31
0.0
0
LINE
8
A-FURN
10
10605
20
8690
30
0.0
11
10605
21
8830
31
0.0
0
LINE
8
A-FURN
10
10545
20
8800
30
0.0
11
10155
21
8800
31
0.0
0
LINE
8
A-FURN
10
10660
20
8610
30
0.0
11
10595
21
8610
31
0.0
0
LINE
8
A-FURN
10
10595
20
8610
30
0.0
11
10595
21
8330
31
0.0
0
LINE
8
A-FURN
10
10595
20
8330
30
0.0
11
10660
21
8330
31
0.0
0
LINE
8
A-FURN
10
10660
20
8330
30
0.0
11
10660
21
8610
31
0.0
0
LINE
8
A-FURN
10
10105
20
8610
30
0.0
11
10040
21
8610
31
0.0
0
LINE
8
A-FURN
10
10040
20
8610
30
0.0
11
10040
21
8330
31
0.0
0
LINE
8
A-FURN
10
10040
20
8330
30
0.0
11
10105
21
8330
31
0.0
0
LINE
8
A-FURN
10
10105
20
8330
30
0.0
11
10105
21
8610
31
0.0
0
ARC
8
A-FURN
10
10350
20
8250
30
0.0
40
245
50
180
51
360
0
CIRCLE
8
A-FURN
10
10350
20
6100
30
0.0
40
210
0
CIRCLE
8
A-FURN
10
10350
20
6100
30
0.0
40
70
0
LINE
8
A-FURN
10
10105
20
5910
30
0.0
11
10595
21
5910
31
0.0
0
LINE
8
A-FURN
10
10595
20
5910
30
0.0
11
10595
21
6350
31
0.0
0
LINE
8
A-FURN
10
10595
20
6350
30
0.0
11
10105
21
6350
31
0.0
0
LINE
8
A-FURN
10
10105
20
6350
30
0.0
11
10105
21
5910
31
0.0
0
LINE
8
A-FURN
10
10095
20
5770
30
0.0
11
10605
21
5770
31
0.0
0
LINE
8
A-FURN
10
10605
20
5770
30
0.0
11
10605
21
5910
31
0.0
0
LINE
8
A-FURN
10
10605
20
5910
30
0.0
11
10095
21
5910
31
0.0
0
LINE
8
A-FURN
10
10095
20
5910
30
0.0
11
10095
21
5770
31
0.0
0
LINE
8
A-FURN
10
10155
20
5800
30
0.0
11
10545
21
5800
31
0.0
0
LINE
8
A-FURN
10
10040
20
5990
30
0.0
11
10105
21
5990
31
0.0
0
LINE
8
A-FURN
10
10105
20
5990
30
0.0
11
10105
21
6270
31
0.0
0
LINE
8
A-FURN
10
10105
20
6270
30
0.0
11
10040
21
6270
31
0.0
0
LINE
8
A-FURN
10
10040
20
6270
30
0.0
11
10040
21
5990
31
0.0
0
LINE
8
A-FURN
10
10595
20
5990
30
0.0
11
10660
21
5990
31
0.0
0
LINE
8
A-FURN
10
10660
20
5990
30
0.0
11
10660
21
6270
31
0.0
0
LINE
8
A-FURN
10
10660
20
6270
30
0.0
11
10595
21
6270
31
0.0
0
LINE
8
A-FURN
10
10595
20
6270
30
0.0
11
10595
21
5990
31
0.0
0
ARC
8
A-FURN
10
10350
20
6350
30
0.0
40
245
50
0
51
180
0
CIRCLE
8
A-FURN
10
11900
20
8500
30
0.0
40
210
0
CIRCLE
8
A-FURN
10
11900
20
8500
30
0.0
40
70
0
LINE
8
A-FURN
10
12145
20
8690
30
0.0
11
11655
21
8690
31
0.0
0
LINE
8
A-FURN
10
11655
20
8690
30
0.0
11
11655
21
8250
31
0.0
0
LINE
8
A-FURN
10
11655
20
8250
30
0.0
11
12145
21
8250
31
0.0
0
LINE
8
A-FURN
10
12145
20
8250
30
0.0
11
12145
21
8690
31
0.0
0
LINE
8
A-FURN
10
12155
20
8830
30
0.0
11
11645
21
8830
31
0.0
0
LINE
8
A-FURN
10
11645
20
8830
30
0.0
11
11645
21
8690
31
0.0
0
LINE
8
A-FURN
10
11645
20
8690
30
0.0
11
12155
21
8690
31
0.0
0
LINE
8
A-FURN
10
12155
20
8690
30
0.0
11
12155
21
8830
31
0.0
0
LINE
8
A-FURN
10
12095
20
8800
30
0.0
11
11705
21
8800
31
0.0
0
LINE
8
A-FURN
10
12210
20
8610
30
0.0
11
12145
21
8610
31
0.0
0
LINE
8
A-FURN
10
12145
20
8610
30
0.0
11
12145
21
8330
31
0.0
0
LINE
8
A-FURN
10
12145
20
8330
30
0.0
11
12210
21
8330
31
0.0
0
LINE
8
A-FURN
10
12210
20
8330
30
0.0
11
12210
21
8610
31
0.0
0
LINE
8
A-FURN
10
11655
20
8610
30
0.0
11
11590
21
8610
31
0.0
0
LINE
8
A-FURN
10
11590
20
8610
30
0.0
11
11590
21
8330
31
0.0
0
LINE
8
A-FURN
10
11590
20
8330
30
0.0
11
11655
21
8330
31
0.0
0
LINE
8
A-FURN
10
11655
20
8330
30
0.0
11
11655
21
8610
31
0.0
0
ARC
8
A-FURN
10
11900
20
8250
30
0.0
40
245
50
180
51
360
0
CIRCLE
8
A-FURN
10
11900
20
6100
30
0.0
40
210
0
CIRCLE
8
A-FURN
10
11900
20
6100
30
0.0
40
70
0
LINE
8
A-FURN
10
11655
20
5910
30
0.0
11
12145
21
5910
31
0.0
0
LINE
8
A-FURN
10
12145
20
5910
30
0.0
11
12145
21
6350
31
0.0
0
LINE
8
A-FURN
10
12145
20
6350
30
0.0
11
11655
21
6350
31
0.0
0
LINE
8
A-FURN
10
11655
20
6350
30
0.0
11
11655
21
5910
31
0.0
0
LINE
8
A-FURN
10
11645
20
5770
30
0.0
11
12155
21
5770
31
0.0
0
LINE
8
A-FURN
10
12155
20
5770
30
0.0
11
12155
21
5910
31
0.0
0
LINE
8
A-FURN
10
12155
20
5910
30
0.0
11
11645
21
5910
31
0.0
0
LINE
8
A-FURN
10
11645
20
5910
30
0.0
11
11645
21
5770
31
0.0
0
LINE
8
A-FURN
10
11705
20
5800
30
0.0
11
12095
21
5800
31
0.0
0
LINE
8
A-FURN
10
11590
20
5990
30
0.0
11
11655
21
5990
31
0.0
0
LINE
8
A-FURN
10
11655
20
5990
30
0.0
11
11655
21
6270
31
0.0
0
LINE
8
A-FURN
10
11655
20
6270
30
0.0
11
11590
21
6270
31
0.0
0
LINE
8
A-FURN
10
11590
20
6270
30
0.0
11
11590
21
5990
31
0.0
0
LINE
8
A-FURN
10
12145
20
5990
30
0.0
11
12210
21
5990
31
0.0
0
LINE
8
A-FURN
10
12210
20
5990
30
0.0
11
12210
21
6270
31
0.0
0
LINE
8
A-FURN
10
12210
20
6270
30
0.0
11
12145
21
6270
31
0.0
0
LINE
8
A-FURN
10
12145
20
6270
30
0.0
11
12145
21
5990
31
0.0
0
ARC
8
A-FURN
10
11900
20
6350
30
0.0
40
245
50
0
51
180
0
CIRCLE
8
A-FURN
10
13450
20
8500
30
0.0
40
210
0
CIRCLE
8
A-FURN
10
13450
20
8500
30
0.0
40
70
0
LINE
8
A-FURN
10
13695
20
8690
30
0.0
11
13205
21
8690
31
0.0
0
LINE
8
A-FURN
10
13205
20
8690
30
0.0
11
13205
21
8250
31
0.0
0
LINE
8
A-FURN
10
13205
20
8250
30
0.0
11
13695
21
8250
31
0.0
0
LINE
8
A-FURN
10
13695
20
8250
30
0.0
11
13695
21
8690
31
0.0
0
LINE
8
A-FURN
10
13705
20
8830
30
0.0
11
13195
21
8830
31
0.0
0
LINE
8
A-FURN
10
13195
20
8830
30
0.0
11
13195
21
8690
31
0.0
0
LINE
8
A-FURN
10
13195
20
8690
30
0.0
11
13705
21
8690
31
0.0
0
LINE
8
A-FURN
10
13705
20
8690
30
0.0
11
13705
21
8830
31
0.0
0
LINE
8
A-FURN
10
13645
20
8800
30
0.0
11
13255
21
8800
31
0.0
0
LINE
8
A-FURN
10
13760
20
8610
30
0.0
11
13695
21
8610
31
0.0
0
LINE
8
A-FURN
10
13695
20
8610
30
0.0
11
13695
21
8330
31
0.0
0
LINE
8
A-FURN
10
13695
20
8330
30
0.0
11
13760
21
8330
31
0.0
0
LINE
8
A-FURN
10
13760
20
8330
30
0.0
11
13760
21
8610
31
0.0
0
LINE
8
A-FURN
10
13205
20
8610
30
0.0
11
13140
21
8610
31
0.0
0
LINE
8
A-FURN
10
13140
20
8610
30
0.0
11
13140
21
8330
31
0.0
0
LINE
8
A-FURN
10
13140
20
8330
30
0.0
11
13205
21
8330
31
0.0
0
LINE
8
A-FURN
10
13205
20
8330
30
0.0
11
13205
21
8610
31
0.0
0
ARC
8
A-FURN
10
13450
20
8250
30
0.0
40
245
50
180
51
360
0
CIRCLE
8
A-FURN
10
13450
20
6100
30
0.0
40
210
0
CIRCLE
8
A-FURN
10
13450
20
6100
30
0.0
40
70
0
LINE
8
A-FURN
10
13205
20
5910
30
0.0
11
13695
21
5910
31
0.0
0
LINE
8
A-FURN
10
13695
20
5910
30
0.0
11
13695
21
6350
31
0.0
0
LINE
8
A-FURN
10
13695
20
6350
30
0.0
11
13205
21
6350
31
0.0
0
LINE
8
A-FURN
10
13205
20
6350
30
0.0
11
13205
21
5910
31
0.0
0
LINE
8
A-FURN
10
13195
20
5770
30
0.0
11
13705
21
5770
31
0.0
0
LINE
8
A-FURN
10
13705
20
5770
30
0.0
11
13705
21
5910
31
0.0
0
LINE
8
A-FURN
10
13705
20
5910
30
0.0
11
13195
21
5910
31
0.0
0
LINE
8
A-FURN
10
13195
20
5910
30
0.0
11
13195
21
5770
31
0.0
0
LINE
8
A-FURN
10
13255
20
5800
30
0.0
11
13645
21
5800
31
0.0
0
LINE
8
A-FURN
10
13140
20
5990
30
0.0
11
13205
21
5990
31
0.0
0
LINE
8
A-FURN
10
13205
20
5990
30
0.0
11
13205
21
6270
31
0.0
0
LINE
8
A-FURN
10
13205
20
6270
30
0.0
11
13140
21
6270
31
0.0
0
LINE
8
A-FURN
10
13140
20
6270
30
0.0
11
13140
21
5990
31
0.0
0
LINE
8
A-FURN
10
13695
20
5990
30
0.0
11
13760
21
5990
31
0.0
0
LINE
8
A-FURN
10
13760
20
5990
30
0.0
11
13760
21
6270
31
0.0
0
LINE
8
A-FURN
10
13760
20
6270
30
0.0
11
13695
21
6270
31
0.0
0
LINE
8
A-FURN
10
13695
20
6270
30
0.0
11
13695
21
5990
31
0.0
0
ARC
8
A-FURN
10
13450
20
6350
30
0.0
40
245
50
0
51
180
0
CIRCLE
8
A-FURN
10
15000
20
8500
30
0.0
40
210
0
CIRCLE
8
A-FURN
10
15000
20
8500
30
0.0
40
70
0
LINE
8
A-FURN
10
15245
20
8690
30
0.0
11
14755
21
8690
31
0.0
0
LINE
8
A-FURN
10
14755
20
8690
30
0.0
11
14755
21
8250
31
0.0
0
LINE
8
A-FURN
10
14755
20
8250
30
0.0
11
15245
21
8250
31
0.0
0
LINE
8
A-FURN
10
15245
20
8250
30
0.0
11
15245
21
8690
31
0.0
0
LINE
8
A-FURN
10
15255
20
8830
30
0.0
11
14745
21
8830
31
0.0
0
LINE
8
A-FURN
10
14745
20
8830
30
0.0
11
14745
21
8690
31
0.0
0
LINE
8
A-FURN
10
14745
20
8690
30
0.0
11
15255
21
8690
31
0.0
0
LINE
8
A-FURN
10
15255
20
8690
30
0.0
11
15255
21
8830
31
0.0
0
LINE
8
A-FURN
10
15195
20
8800
30
0.0
11
14805
21
8800
31
0.0
0
LINE
8
A-FURN
10
15310
20
8610
30
0.0
11
15245
21
8610
31
0.0
0
LINE
8
A-FURN
10
15245
20
8610
30
0.0
11
15245
21
8330
31
0.0
0
LINE
8
A-FURN
10
15245
20
8330
30
0.0
11
15310
21
8330
31
0.0
0
LINE
8
A-FURN
10
15310
20
8330
30
0.0
11
15310
21
8610
31
0.0
0
LINE
8
A-FURN
10
14755
20
8610
30
0.0
11
14690
21
8610
31
0.0
0
LINE
8
A-FURN
10
14690
20
8610
30
0.0
11
14690
21
8330
31
0.0
0
LINE
8
A-FURN
10
14690
20
8330
30
0.0
11
14755
21
8330
31
0.0
0
LINE
8
A-FURN
10
14755
20
8330
30
0.0
11
14755
21
8610
31
0.0
0
ARC
8
A-FURN
10
15000
20
8250
30
0.0
40
245
50
180
51
360
0
CIRCLE
8
A-FURN
10
15000
20
6100
30
0.0
40
210
0
CIRCLE
8
A-FURN
10
15000
20
6100
30
0.0
40
70
0
LINE
8
A-FURN
10
14755
20
5910
30
0.0
11
15245
21
5910
31
0.0
0
LINE
8
A-FURN
10
15245
20
5910
30
0.0
11
15245
21
6350
31
0.0
0
LINE
8
A-FURN
10
15245
20
6350
30
0.0
11
14755
21
6350
31
0.0
0
LINE
8
A-FURN
10
14755
20
6350
30
0.0
11
14755
21
5910
31
0.0
0
LINE
8
A-FURN
10
14745
20
5770
30
0.0
11
15255
21
5770
31
0.0
0
LINE
8
A-FURN
10
15255
20
5770
30
0.0
11
15255
21
5910
31
0.0
0
LINE
8
A-FURN
10
15255
20
5910
30
0.0
11
14745
21
5910
31
0.0
0
LINE
8
A-FURN
10
14745
20
5910
30
0.0
11
14745
21
5770
31
0.0
0
LINE
8
A-FURN
10
14805
20
5800
30
0.0
11
15195
21
5800
31
0.0
0
LINE
8
A-FURN
10
14690
20
5990
30
0.0
11
14755
21
5990
31
0.0
0
LINE
8
A-FURN
10
14755
20
5990
30
0.0
11
14755
21
6270
31
0.0
0
LINE
8
A-FURN
10
14755
20
6270
30
0.0
11
14690
21
6270
31
0.0
0
LINE
8
A-FURN
10
14690
20
6270
30
0.0
11
14690
21
5990
31
0.0
0
LINE
8
A-FURN
10
15245
20
5990
30
0.0
11
15310
21
5990
31
0.0
0
LINE
8
A-FURN
10
15310
20
5990
30
0.0
11
15310
21
6270
31
0.0
0
LINE
8
A-FURN
10
15310
20
6270
30
0.0
11
15245
21
6270
31
0.0
0
LINE
8
A-FURN
10
15245
20
6270
30
0.0
11
15245
21
5990
31
0.0
0
ARC
8
A-FURN
10
15000
20
6350
30
0.0
40
245
50
0
51
180
0
CIRCLE
8
A-FURN
10
16550
20
8500
30
0.0
40
210
0
CIRCLE
8
A-FURN
10
16550
20
8500
30
0.0
40
70
0
LINE
8
A-FURN
10
16795
20
8690
30
0.0
11
16305
21
8690
31
0.0
0
LINE
8
A-FURN
10
16305
20
8690
30
0.0
11
16305
21
8250
31
0.0
0
LINE
8
A-FURN
10
16305
20
8250
30
0.0
11
16795
21
8250
31
0.0
0
LINE
8
A-FURN
10
16795
20
8250
30
0.0
11
16795
21
8690
31
0.0
0
LINE
8
A-FURN
10
16805
20
8830
30
0.0
11
16295
21
8830
31
0.0
0
LINE
8
A-FURN
10
16295
20
8830
30
0.0
11
16295
21
8690
31
0.0
0
LINE
8
A-FURN
10
16295
20
8690
30
0.0
11
16805
21
8690
31
0.0
0
LINE
8
A-FURN
10
16805
20
8690
30
0.0
11
16805
21
8830
31
0.0
0
LINE
8
A-FURN
10
16745
20
8800
30
0.0
11
16355
21
8800
31
0.0
0
LINE
8
A-FURN
10
16860
20
8610
30
0.0
11
16795
21
8610
31
0.0
0
LINE
8
A-FURN
10
16795
20
8610
30
0.0
11
16795
21
8330
31
0.0
0
LINE
8
A-FURN
10
16795
20
8330
30
0.0
11
16860
21
8330
31
0.0
0
LINE
8
A-FURN
10
16860
20
8330
30
0.0
11
16860
21
8610
31
0.0
0
LINE
8
A-FURN
10
16305
20
8610
30
0.0
11
16240
21
8610
31
0.0
0
LINE
8
A-FURN
10
16240
20
8610
30
0.0
11
16240
21
8330
31
0.0
0
LINE
8
A-FURN
10
16240
20
8330
30
0.0
11
16305
21
8330
31
0.0
0
LINE
8
A-FURN
10
16305
20
8330
30
0.0
11
16305
21
8610
31
0.0
0
ARC
8
A-FURN
10
16550
20
8250
30
0.0
40
245
50
180
51
360
0
CIRCLE
8
A-FURN
10
16550
20
6100
30
0.0
40
210
0
CIRCLE
8
A-FURN
10
16550
20
6100
30
0.0
40
70
0
LINE
8
A-FURN
10
16305
20
5910
30
0.0
11
16795
21
5910
31
0.0
0
LINE
8
A-FURN
10
16795
20
5910
30
0.0
11
16795
21
6350
31
0.0
0
LINE
8
A-FURN
10
16795
20
6350
30
0.0
11
16305
21
6350
31
0.0
0
LINE
8
A-FURN
10
16305
20
6350
30
0.0
11
16305
21
5910
31
0.0
0
LINE
8
A-FURN
10
16295
20
5770
30
0.0
11
16805
21
5770
31
0.0
0
LINE
8
A-FURN
10
16805
20
5770
30
0.0
11
16805
21
5910
31
0.0
0
LINE
8
A-FURN
10
16805
20
5910
30
0.0
11
16295
21
5910
31
0.0
0
LINE
8
A-FURN
10
16295
20
5910
30
0.0
11
16295
21
5770
31
0.0
0
LINE
8
A-FURN
10
16355
20
5800
30
0.0
11
16745
21
5800
31
0.0
0
LINE
8
A-FURN
10
16240
20
5990
30
0.0
11
16305
21
5990
31
0.0
0
LINE
8
A-FURN
10
16305
20
5990
30
0.0
11
16305
21
6270
31
0.0
0
LINE
8
A-FURN
10
16305
20
6270
30
0.0
11
16240
21
6270
31
0.0
0
LINE
8
A-FURN
10
16240
20
6270
30
0.0
11
16240
21
5990
31
0.0
0
LINE
8
A-FURN
10
16795
20
5990
30
0.0
11
16860
21
5990
31
0.0
0
LINE
8
A-FURN
10
16860
20
5990
30
0.0
11
16860
21
6270
31
0.0
0
LINE
8
A-FURN
10
16860
20
6270
30
0.0
11
16795
21
6270
31
0.0
0
LINE
8
A-FURN
10
16795
20
6270
30
0.0
11
16795
21
5990
31
0.0
0
ARC
8
A-FURN
10
16550
20
6350
30
0.0
40
245
50
0
51
180
0
CIRCLE
8
A-FURN
10
18100
20
8500
30
0.0
40
210
0
CIRCLE
8
A-FURN
10
18100
20
8500
30
0.0
40
70
0
LINE
8
A-FURN
10
18345
20
8690
30
0.0
11
17855
21
8690
31
0.0
0
LINE
8
A-FURN
10
17855
20
8690
30
0.0
11
17855
21
8250
31
0.0
0
LINE
8
A-FURN
10
17855
20
8250
30
0.0
11
18345
21
8250
31
0.0
0
LINE
8
A-FURN
10
18345
20
8250
30
0.0
11
18345
21
8690
31
0.0
0
LINE
8
A-FURN
10
18355
20
8830
30
0.0
11
17845
21
8830
31
0.0
0
LINE
8
A-FURN
10
17845
20
8830
30
0.0
11
17845
21
8690
31
0.0
0
LINE
8
A-FURN
10
17845
20
8690
30
0.0
11
18355
21
8690
31
0.0
0
LINE
8
A-FURN
10
18355
20
8690
30
0.0
11
18355
21
8830
31
0.0
0
LINE
8
A-FURN
10
18295
20
8800
30
0.0
11
17905
21
8800
31
0.0
0
LINE
8
A-FURN
10
18410
20
8610
30
0.0
11
18345
21
8610
31
0.0
0
LINE
8
A-FURN
10
18345
20
8610
30
0.0
11
18345
21
8330
31
0.0
0
LINE
8
A-FURN
10
18345
20
8330
30
0.0
11
18410
21
8330
31
0.0
0
LINE
8
A-FURN
10
18410
20
8330
30
0.0
11
18410
21
8610
31
0.0
0
LINE
8
A-FURN
10
17855
20
8610
30
0.0
11
17790
21
8610
31
0.0
0
LINE
8
A-FURN
10
17790
20
8610
30
0.0
11
17790
21
8330
31
0.0
0
LINE
8
A-FURN
10
17790
20
8330
30
0.0
11
17855
21
8330
31
0.0
0
LINE
8
A-FURN
10
17855
20
8330
30
0.0
11
17855
21
8610
31
0.0
0
ARC
8
A-FURN
10
18100
20
8250
30
0.0
40
245
50
180
51
360
0
CIRCLE
8
A-FURN
10
18100
20
6100
30
0.0
40
210
0
CIRCLE
8
A-FURN
10
18100
20
6100
30
0.0
40
70
0
LINE
8
A-FURN
10
17855
20
5910
30
0.0
11
18345
21
5910
31
0.0
0
LINE
8
A-FURN
10
18345
20
5910
30
0.0
11
18345
21
6350
31
0.0
0
LINE
8
A-FURN
10
18345
20
6350
30
0.0
11
17855
21
6350
31
0.0
0
LINE
8
A-FURN
10
17855
20
6350
30
0.0
11
17855
21
5910
31
0.0
0
LINE
8
A-FURN
10
17845
20
5770
30
0.0
11
18355
21
5770
31
0.0
0
LINE
8
A-FURN
10
18355
20
5770
30
0.0
11
18355
21
5910
31
0.0
0
LINE
8
A-FURN
10
18355
20
5910
30
0.0
11
17845
21
5910
31
0.0
0
LINE
8
A-FURN
10
17845
20
5910
30
0.0
11
17845
21
5770
31
0.0
0
LINE
8
A-FURN
10
17905
20
5800
30
0.0
11
18295
21
5800
31
0.0
0
LINE
8
A-FURN
10
17790
20
5990
30
0.0
11
17855
21
5990
31
0.0
0
LINE
8
A-FURN
10
17855
20
5990
30
0.0
11
17855
21
6270
31
0.0
0
LINE
8
A-FURN
10
17855
20
6270
30
0.0
11
17790
21
6270
31
0.0
0
LINE
8
A-FURN
10
17790
20
6270
30
0.0
11
17790
21
5990
31
0.0
0
LINE
8
A-FURN
10
18345
20
5990
30
0.0
11
18410
21
5990
31
0.0
0
LINE
8
A-FURN
10
18410
20
5990
30
0.0
11
18410
21
6270
31
0.0
0
LINE
8
A-FURN
10
18410
20
6270
30
0.0
11
18345
21
6270
31
0.0
0
LINE
8
A-FURN
10
18345
20
6270
30
0.0
11
18345
21
5990
31
0.0
0
ARC
8
A-FURN
10
18100
20
6350
30
0.0
40
245
50
0
51
180
0
CIRCLE
8
A-FURN
10
19650
20
8500
30
0.0
40
210
0
CIRCLE
8
A-FURN
10
19650
20
8500
30
0.0
40
70
0
LINE
8
A-FURN
10
19895
20
8690
30
0.0
11
19405
21
8690
31
0.0
0
LINE
8
A-FURN
10
19405
20
8690
30
0.0
11
19405
21
8250
31
0.0
0
LINE
8
A-FURN
10
19405
20
8250
30
0.0
11
19895
21
8250
31
0.0
0
LINE
8
A-FURN
10
19895
20
8250
30
0.0
11
19895
21
8690
31
0.0
0
LINE
8
A-FURN
10
19905
20
8830
30
0.0
11
19395
21
8830
31
0.0
0
LINE
8
A-FURN
10
19395
20
8830
30
0.0
11
19395
21
8690
31
0.0
0
LINE
8
A-FURN
10
19395
20
8690
30
0.0
11
19905
21
8690
31
0.0
0
LINE
8
A-FURN
10
19905
20
8690
30
0.0
11
19905
21
8830
31
0.0
0
LINE
8
A-FURN
10
19845
20
8800
30
0.0
11
19455
21
8800
31
0.0
0
LINE
8
A-FURN
10
19960
20
8610
30
0.0
11
19895
21
8610
31
0.0
0
LINE
8
A-FURN
10
19895
20
8610
30
0.0
11
19895
21
8330
31
0.0
0
LINE
8
A-FURN
10
19895
20
8330
30
0.0
11
19960
21
8330
31
0.0
0
LINE
8
A-FURN
10
19960
20
8330
30
0.0
11
19960
21
8610
31
0.0
0
LINE
8
A-FURN
10
19405
20
8610
30
0.0
11
19340
21
8610
31
0.0
0
LINE
8
A-FURN
10
19340
20
8610
30
0.0
11
19340
21
8330
31
0.0
0
LINE
8
A-FURN
10
19340
20
8330
30
0.0
11
19405
21
8330
31
0.0
0
LINE
8
A-FURN
10
19405
20
8330
30
0.0
11
19405
21
8610
31
0.0
0
ARC
8
A-FURN
10
19650
20
8250
30
0.0
40
245
50
180
51
360
0
CIRCLE
8
A-FURN
10
19650
20
6100
30
0.0
40
210
0
CIRCLE
8
A-FURN
10
19650
20
6100
30
0.0
40
70
0
LINE
8
A-FURN
10
19405
20
5910
30
0.0
11
19895
21
5910
31
0.0
0
LINE
8
A-FURN
10
19895
20
5910
30
0.0
11
19895
21
6350
31
0.0
0
LINE
8
A-FURN
10
19895
20
6350
30
0.0
11
19405
21
6350
31
0.0
0
LINE
8
A-FURN
10
19405
20
6350
30
0.0
11
19405
21
5910
31
0.0
0
LINE
8
A-FURN
10
19395
20
5770
30
0.0
11
19905
21
5770
31
0.0
0
LINE
8
A-FURN
10
19905
20
5770
30
0.0
11
19905
21
5910
31
0.0
0
LINE
8
A-FURN
10
19905
20
5910
30
0.0
11
19395
21
5910
31
0.0
0
LINE
8
A-FURN
10
19395
20
5910
30
0.0
11
19395
21
5770
31
0.0
0
LINE
8
A-FURN
10
19455
20
5800
30
0.0
11
19845
21
5800
31
0.0
0
LINE
8
A-FURN
10
19340
20
5990
30
0.0
11
19405
21
5990
31
0.0
0
LINE
8
A-FURN
10
19405
20
5990
30
0.0
11
19405
21
6270
31
0.0
0
LINE
8
A-FURN
10
19405
20
6270
30
0.0
11
19340
21
6270
31
0.0
0
LINE
8
A-FURN
10
19340
20
6270
30
0.0
11
19340
21
5990
31
0.0
0
LINE
8
A-FURN
10
19895
20
5990
30
0.0
11
19960
21
5990
31
0.0
0
LINE
8
A-FURN
10
19960
20
5990
30
0.0
11
19960
21
6270
31
0.0
0
LINE
8
A-FURN
10
19960
20
6270
30
0.0
11
19895
21
6270
31
0.0
0
LINE
8
A-FURN
10
19895
20
6270
30
0.0
11
19895
21
5990
31
0.0
0
ARC
8
A-FURN
10
19650
20
6350
30
0.0
40
245
50
0
51
180
0
LINE
8
A-PART
10
24000
20
3200
30
0.0
11
24000
21
4000
31
0.0
0
LINE
8
A-PART
10
24000
20
4900
30
0.0
11
24000
21
5400
31
0.0
0
LINE
8
A-PART
10
21200
20
5400
30
0.0
11
24000
21
5400
31
0.0
0
LINE
8
A-FURN
10
21400
20
3400
30
0.0
11
23800
21
3400
31
0.0
0
LINE
8
A-FURN
10
23800
20
3400
30
0.0
11
23800
21
4000
31
0.0
0
LINE
8
A-FURN
10
23800
20
4000
30
0.0
11
21400
21
4000
31
0.0
0
LINE
8
A-FURN
10
21400
20
4000
30
0.0
11
21400
21
3400
31
0.0
0
LINE
8
A-FURN
10
22000
20
3400
30
0.0
11
22000
21
4000
31
0.0
0
LINE
8
A-FURN
10
22600
20
3400
30
0.0
11
22600
21
4000
31
0.0
0
LINE
8
A-FURN
10
23200
20
3400
30
0.0
11
23200
21
4000
31
0.0
0
LINE
8
A-EQIP
10
21400
20
4600
30
0.0
11
22600
21
4600
31
0.0
0
LINE
8
A-EQIP
10
22600
20
4600
30
0.0
11
22600
21
5200
31
0.0
0
LINE
8
A-EQIP
10
22600
20
5200
30
0.0
11
21400
21
5200
31
0.0
0
LINE
8
A-EQIP
10
21400
20
5200
30
0.0
11
21400
21
4600
31
0.0
0
LINE
8
A-EQIP
10
21400
20
4900
30
0.0
11
22600
21
4900
31
0.0
0
TEXT
8
A-ROOM-AR
10
23800
20
4250
30
0.0
40
190
1
\U+063A\U+0631\U+0641\U+0629 \U+0627\U+0644\U+062E\U+0644\U+0637
50
0
7
ARABIC
72
2
11
23800
21
4250
31
0.0
0
LINE
8
A-FURN
10
25550
20
6000
30
0.0
11
26150
21
6000
31
0.0
0
LINE
8
A-FURN
10
26150
20
6000
30
0.0
11
26150
21
10600
31
0.0
0
LINE
8
A-FURN
10
26150
20
10600
30
0.0
11
25550
21
10600
31
0.0
0
LINE
8
A-FURN
10
25550
20
10600
30
0.0
11
25550
21
6000
31
0.0
0
LINE
8
A-FURN
10
25550
20
6766.667
30
0.0
11
26150
21
6766.667
31
0.0
0
LINE
8
A-FURN
10
25550
20
7533.333
30
0.0
11
26150
21
7533.333
31
0.0
0
LINE
8
A-FURN
10
25550
20
8300
30
0.0
11
26150
21
8300
31
0.0
0
LINE
8
A-FURN
10
25550
20
9066.667
30
0.0
11
26150
21
9066.667
31
0.0
0
LINE
8
A-FURN
10
25550
20
9833.333
30
0.0
11
26150
21
9833.333
31
0.0
0
CIRCLE
8
A-FURN
10
22400
20
6800
30
0.0
40
200
0
LINE
8
A-FURN
10
22170
20
6620
30
0.0
11
22630
21
6620
31
0.0
0
LINE
8
A-FURN
10
22630
20
6620
30
0.0
11
22630
21
7040
31
0.0
0
LINE
8
A-FURN
10
22630
20
7040
30
0.0
11
22170
21
7040
31
0.0
0
LINE
8
A-FURN
10
22170
20
7040
30
0.0
11
22170
21
6620
31
0.0
0
LINE
8
A-FURN
10
22160
20
6490
30
0.0
11
22640
21
6490
31
0.0
0
LINE
8
A-FURN
10
22640
20
6490
30
0.0
11
22640
21
6620
31
0.0
0
LINE
8
A-FURN
10
22640
20
6620
30
0.0
11
22160
21
6620
31
0.0
0
LINE
8
A-FURN
10
22160
20
6620
30
0.0
11
22160
21
6490
31
0.0
0
LINE
8
A-FURN
10
22110
20
6700
30
0.0
11
22170
21
6700
31
0.0
0
LINE
8
A-FURN
10
22170
20
6700
30
0.0
11
22170
21
6960
31
0.0
0
LINE
8
A-FURN
10
22170
20
6960
30
0.0
11
22110
21
6960
31
0.0
0
LINE
8
A-FURN
10
22110
20
6960
30
0.0
11
22110
21
6700
31
0.0
0
LINE
8
A-FURN
10
22630
20
6700
30
0.0
11
22690
21
6700
31
0.0
0
LINE
8
A-FURN
10
22690
20
6700
30
0.0
11
22690
21
6960
31
0.0
0
LINE
8
A-FURN
10
22690
20
6960
30
0.0
11
22630
21
6960
31
0.0
0
LINE
8
A-FURN
10
22630
20
6960
30
0.0
11
22630
21
6700
31
0.0
0
LINE
8
A-EQIP
10
22220
20
7180
30
0.0
11
22580
21
7180
31
0.0
0
LINE
8
A-EQIP
10
22580
20
7180
30
0.0
11
22580
21
7420
31
0.0
0
LINE
8
A-EQIP
10
22580
20
7420
30
0.0
11
22220
21
7420
31
0.0
0
LINE
8
A-EQIP
10
22220
20
7420
30
0.0
11
22220
21
7180
31
0.0
0
LINE
8
A-EQIP
10
22220
20
7300
30
0.0
11
22580
21
7300
31
0.0
0
CIRCLE
8
A-FURN
10
24700
20
6800
30
0.0
40
200
0
LINE
8
A-FURN
10
24470
20
6620
30
0.0
11
24930
21
6620
31
0.0
0
LINE
8
A-FURN
10
24930
20
6620
30
0.0
11
24930
21
7040
31
0.0
0
LINE
8
A-FURN
10
24930
20
7040
30
0.0
11
24470
21
7040
31
0.0
0
LINE
8
A-FURN
10
24470
20
7040
30
0.0
11
24470
21
6620
31
0.0
0
LINE
8
A-FURN
10
24460
20
6490
30
0.0
11
24940
21
6490
31
0.0
0
LINE
8
A-FURN
10
24940
20
6490
30
0.0
11
24940
21
6620
31
0.0
0
LINE
8
A-FURN
10
24940
20
6620
30
0.0
11
24460
21
6620
31
0.0
0
LINE
8
A-FURN
10
24460
20
6620
30
0.0
11
24460
21
6490
31
0.0
0
LINE
8
A-FURN
10
24410
20
6700
30
0.0
11
24470
21
6700
31
0.0
0
LINE
8
A-FURN
10
24470
20
6700
30
0.0
11
24470
21
6960
31
0.0
0
LINE
8
A-FURN
10
24470
20
6960
30
0.0
11
24410
21
6960
31
0.0
0
LINE
8
A-FURN
10
24410
20
6960
30
0.0
11
24410
21
6700
31
0.0
0
LINE
8
A-FURN
10
24930
20
6700
30
0.0
11
24990
21
6700
31
0.0
0
LINE
8
A-FURN
10
24990
20
6700
30
0.0
11
24990
21
6960
31
0.0
0
LINE
8
A-FURN
10
24990
20
6960
30
0.0
11
24930
21
6960
31
0.0
0
LINE
8
A-FURN
10
24930
20
6960
30
0.0
11
24930
21
6700
31
0.0
0
LINE
8
A-EQIP
10
24520
20
7180
30
0.0
11
24880
21
7180
31
0.0
0
LINE
8
A-EQIP
10
24880
20
7180
30
0.0
11
24880
21
7420
31
0.0
0
LINE
8
A-EQIP
10
24880
20
7420
30
0.0
11
24520
21
7420
31
0.0
0
LINE
8
A-EQIP
10
24520
20
7420
30
0.0
11
24520
21
7180
31
0.0
0
LINE
8
A-EQIP
10
24520
20
7300
30
0.0
11
24880
21
7300
31
0.0
0
CIRCLE
8
A-FURN
10
22400
20
8300
30
0.0
40
200
0
LINE
8
A-FURN
10
22170
20
8120
30
0.0
11
22630
21
8120
31
0.0
0
LINE
8
A-FURN
10
22630
20
8120
30
0.0
11
22630
21
8540
31
0.0
0
LINE
8
A-FURN
10
22630
20
8540
30
0.0
11
22170
21
8540
31
0.0
0
LINE
8
A-FURN
10
22170
20
8540
30
0.0
11
22170
21
8120
31
0.0
0
LINE
8
A-FURN
10
22160
20
7990
30
0.0
11
22640
21
7990
31
0.0
0
LINE
8
A-FURN
10
22640
20
7990
30
0.0
11
22640
21
8120
31
0.0
0
LINE
8
A-FURN
10
22640
20
8120
30
0.0
11
22160
21
8120
31
0.0
0
LINE
8
A-FURN
10
22160
20
8120
30
0.0
11
22160
21
7990
31
0.0
0
LINE
8
A-FURN
10
22110
20
8200
30
0.0
11
22170
21
8200
31
0.0
0
LINE
8
A-FURN
10
22170
20
8200
30
0.0
11
22170
21
8460
31
0.0
0
LINE
8
A-FURN
10
22170
20
8460
30
0.0
11
22110
21
8460
31
0.0
0
LINE
8
A-FURN
10
22110
20
8460
30
0.0
11
22110
21
8200
31
0.0
0
LINE
8
A-FURN
10
22630
20
8200
30
0.0
11
22690
21
8200
31
0.0
0
LINE
8
A-FURN
10
22690
20
8200
30
0.0
11
22690
21
8460
31
0.0
0
LINE
8
A-FURN
10
22690
20
8460
30
0.0
11
22630
21
8460
31
0.0
0
LINE
8
A-FURN
10
22630
20
8460
30
0.0
11
22630
21
8200
31
0.0
0
LINE
8
A-EQIP
10
22220
20
8680
30
0.0
11
22580
21
8680
31
0.0
0
LINE
8
A-EQIP
10
22580
20
8680
30
0.0
11
22580
21
8920
31
0.0
0
LINE
8
A-EQIP
10
22580
20
8920
30
0.0
11
22220
21
8920
31
0.0
0
LINE
8
A-EQIP
10
22220
20
8920
30
0.0
11
22220
21
8680
31
0.0
0
LINE
8
A-EQIP
10
22220
20
8800
30
0.0
11
22580
21
8800
31
0.0
0
CIRCLE
8
A-FURN
10
24700
20
8300
30
0.0
40
200
0
LINE
8
A-FURN
10
24470
20
8120
30
0.0
11
24930
21
8120
31
0.0
0
LINE
8
A-FURN
10
24930
20
8120
30
0.0
11
24930
21
8540
31
0.0
0
LINE
8
A-FURN
10
24930
20
8540
30
0.0
11
24470
21
8540
31
0.0
0
LINE
8
A-FURN
10
24470
20
8540
30
0.0
11
24470
21
8120
31
0.0
0
LINE
8
A-FURN
10
24460
20
7990
30
0.0
11
24940
21
7990
31
0.0
0
LINE
8
A-FURN
10
24940
20
7990
30
0.0
11
24940
21
8120
31
0.0
0
LINE
8
A-FURN
10
24940
20
8120
30
0.0
11
24460
21
8120
31
0.0
0
LINE
8
A-FURN
10
24460
20
8120
30
0.0
11
24460
21
7990
31
0.0
0
LINE
8
A-FURN
10
24410
20
8200
30
0.0
11
24470
21
8200
31
0.0
0
LINE
8
A-FURN
10
24470
20
8200
30
0.0
11
24470
21
8460
31
0.0
0
LINE
8
A-FURN
10
24470
20
8460
30
0.0
11
24410
21
8460
31
0.0
0
LINE
8
A-FURN
10
24410
20
8460
30
0.0
11
24410
21
8200
31
0.0
0
LINE
8
A-FURN
10
24930
20
8200
30
0.0
11
24990
21
8200
31
0.0
0
LINE
8
A-FURN
10
24990
20
8200
30
0.0
11
24990
21
8460
31
0.0
0
LINE
8
A-FURN
10
24990
20
8460
30
0.0
11
24930
21
8460
31
0.0
0
LINE
8
A-FURN
10
24930
20
8460
30
0.0
11
24930
21
8200
31
0.0
0
LINE
8
A-EQIP
10
24520
20
8680
30
0.0
11
24880
21
8680
31
0.0
0
LINE
8
A-EQIP
10
24880
20
8680
30
0.0
11
24880
21
8920
31
0.0
0
LINE
8
A-EQIP
10
24880
20
8920
30
0.0
11
24520
21
8920
31
0.0
0
LINE
8
A-EQIP
10
24520
20
8920
30
0.0
11
24520
21
8680
31
0.0
0
LINE
8
A-EQIP
10
24520
20
8800
30
0.0
11
24880
21
8800
31
0.0
0
CIRCLE
8
A-FURN
10
22400
20
9800
30
0.0
40
200
0
LINE
8
A-FURN
10
22170
20
9620
30
0.0
11
22630
21
9620
31
0.0
0
LINE
8
A-FURN
10
22630
20
9620
30
0.0
11
22630
21
10040
31
0.0
0
LINE
8
A-FURN
10
22630
20
10040
30
0.0
11
22170
21
10040
31
0.0
0
LINE
8
A-FURN
10
22170
20
10040
30
0.0
11
22170
21
9620
31
0.0
0
LINE
8
A-FURN
10
22160
20
9490
30
0.0
11
22640
21
9490
31
0.0
0
LINE
8
A-FURN
10
22640
20
9490
30
0.0
11
22640
21
9620
31
0.0
0
LINE
8
A-FURN
10
22640
20
9620
30
0.0
11
22160
21
9620
31
0.0
0
LINE
8
A-FURN
10
22160
20
9620
30
0.0
11
22160
21
9490
31
0.0
0
LINE
8
A-FURN
10
22110
20
9700
30
0.0
11
22170
21
9700
31
0.0
0
LINE
8
A-FURN
10
22170
20
9700
30
0.0
11
22170
21
9960
31
0.0
0
LINE
8
A-FURN
10
22170
20
9960
30
0.0
11
22110
21
9960
31
0.0
0
LINE
8
A-FURN
10
22110
20
9960
30
0.0
11
22110
21
9700
31
0.0
0
LINE
8
A-FURN
10
22630
20
9700
30
0.0
11
22690
21
9700
31
0.0
0
LINE
8
A-FURN
10
22690
20
9700
30
0.0
11
22690
21
9960
31
0.0
0
LINE
8
A-FURN
10
22690
20
9960
30
0.0
11
22630
21
9960
31
0.0
0
LINE
8
A-FURN
10
22630
20
9960
30
0.0
11
22630
21
9700
31
0.0
0
LINE
8
A-EQIP
10
22220
20
10180
30
0.0
11
22580
21
10180
31
0.0
0
LINE
8
A-EQIP
10
22580
20
10180
30
0.0
11
22580
21
10420
31
0.0
0
LINE
8
A-EQIP
10
22580
20
10420
30
0.0
11
22220
21
10420
31
0.0
0
LINE
8
A-EQIP
10
22220
20
10420
30
0.0
11
22220
21
10180
31
0.0
0
LINE
8
A-EQIP
10
22220
20
10300
30
0.0
11
22580
21
10300
31
0.0
0
CIRCLE
8
A-FURN
10
24700
20
9800
30
0.0
40
200
0
LINE
8
A-FURN
10
24470
20
9620
30
0.0
11
24930
21
9620
31
0.0
0
LINE
8
A-FURN
10
24930
20
9620
30
0.0
11
24930
21
10040
31
0.0
0
LINE
8
A-FURN
10
24930
20
10040
30
0.0
11
24470
21
10040
31
0.0
0
LINE
8
A-FURN
10
24470
20
10040
30
0.0
11
24470
21
9620
31
0.0
0
LINE
8
A-FURN
10
24460
20
9490
30
0.0
11
24940
21
9490
31
0.0
0
LINE
8
A-FURN
10
24940
20
9490
30
0.0
11
24940
21
9620
31
0.0
0
LINE
8
A-FURN
10
24940
20
9620
30
0.0
11
24460
21
9620
31
0.0
0
LINE
8
A-FURN
10
24460
20
9620
30
0.0
11
24460
21
9490
31
0.0
0
LINE
8
A-FURN
10
24410
20
9700
30
0.0
11
24470
21
9700
31
0.0
0
LINE
8
A-FURN
10
24470
20
9700
30
0.0
11
24470
21
9960
31
0.0
0
LINE
8
A-FURN
10
24470
20
9960
30
0.0
11
24410
21
9960
31
0.0
0
LINE
8
A-FURN
10
24410
20
9960
30
0.0
11
24410
21
9700
31
0.0
0
LINE
8
A-FURN
10
24930
20
9700
30
0.0
11
24990
21
9700
31
0.0
0
LINE
8
A-FURN
10
24990
20
9700
30
0.0
11
24990
21
9960
31
0.0
0
LINE
8
A-FURN
10
24990
20
9960
30
0.0
11
24930
21
9960
31
0.0
0
LINE
8
A-FURN
10
24930
20
9960
30
0.0
11
24930
21
9700
31
0.0
0
LINE
8
A-EQIP
10
24520
20
10180
30
0.0
11
24880
21
10180
31
0.0
0
LINE
8
A-EQIP
10
24880
20
10180
30
0.0
11
24880
21
10420
31
0.0
0
LINE
8
A-EQIP
10
24880
20
10420
30
0.0
11
24520
21
10420
31
0.0
0
LINE
8
A-EQIP
10
24520
20
10420
30
0.0
11
24520
21
10180
31
0.0
0
LINE
8
A-EQIP
10
24520
20
10300
30
0.0
11
24880
21
10300
31
0.0
0
LINE
8
A-FURN
10
29180
20
4000
30
0.0
11
29780
21
4000
31
0.0
0
LINE
8
A-FURN
10
29780
20
4000
30
0.0
11
29780
21
10600
31
0.0
0
LINE
8
A-FURN
10
29780
20
10600
30
0.0
11
29180
21
10600
31
0.0
0
LINE
8
A-FURN
10
29180
20
10600
30
0.0
11
29180
21
4000
31
0.0
0
LINE
8
A-FURN
10
29180
20
4942.857
30
0.0
11
29780
21
4942.857
31
0.0
0
LINE
8
A-FURN
10
29180
20
5885.714
30
0.0
11
29780
21
5885.714
31
0.0
0
LINE
8
A-FURN
10
29180
20
6828.571
30
0.0
11
29780
21
6828.571
31
0.0
0
LINE
8
A-FURN
10
29180
20
7771.429
30
0.0
11
29780
21
7771.429
31
0.0
0
LINE
8
A-FURN
10
29180
20
8714.286
30
0.0
11
29780
21
8714.286
31
0.0
0
LINE
8
A-FURN
10
29180
20
9657.143
30
0.0
11
29780
21
9657.143
31
0.0
0
CIRCLE
8
A-FURN
10
28000
20
5400
30
0.0
40
200
0
LINE
8
A-FURN
10
28230
20
5580
30
0.0
11
27770
21
5580
31
0.0
0
LINE
8
A-FURN
10
27770
20
5580
30
0.0
11
27770
21
5160
31
0.0
0
LINE
8
A-FURN
10
27770
20
5160
30
0.0
11
28230
21
5160
31
0.0
0
LINE
8
A-FURN
10
28230
20
5160
30
0.0
11
28230
21
5580
31
0.0
0
LINE
8
A-FURN
10
28240
20
5710
30
0.0
11
27760
21
5710
31
0.0
0
LINE
8
A-FURN
10
27760
20
5710
30
0.0
11
27760
21
5580
31
0.0
0
LINE
8
A-FURN
10
27760
20
5580
30
0.0
11
28240
21
5580
31
0.0
0
LINE
8
A-FURN
10
28240
20
5580
30
0.0
11
28240
21
5710
31
0.0
0
CIRCLE
8
A-EQIP
10
28000
20
6040
30
0.0
40
260
0
CIRCLE
8
A-EQIP
10
28000
20
6040
30
0.0
40
150
0
LINE
8
A-EQIP
10
28000
20
5790
30
0.0
11
28000
21
5710
31
0.0
0
CIRCLE
8
A-FURN
10
28000
20
6900
30
0.0
40
200
0
LINE
8
A-FURN
10
28230
20
7080
30
0.0
11
27770
21
7080
31
0.0
0
LINE
8
A-FURN
10
27770
20
7080
30
0.0
11
27770
21
6660
31
0.0
0
LINE
8
A-FURN
10
27770
20
6660
30
0.0
11
28230
21
6660
31
0.0
0
LINE
8
A-FURN
10
28230
20
6660
30
0.0
11
28230
21
7080
31
0.0
0
LINE
8
A-FURN
10
28240
20
7210
30
0.0
11
27760
21
7210
31
0.0
0
LINE
8
A-FURN
10
27760
20
7210
30
0.0
11
27760
21
7080
31
0.0
0
LINE
8
A-FURN
10
27760
20
7080
30
0.0
11
28240
21
7080
31
0.0
0
LINE
8
A-FURN
10
28240
20
7080
30
0.0
11
28240
21
7210
31
0.0
0
CIRCLE
8
A-EQIP
10
28000
20
7540
30
0.0
40
260
0
CIRCLE
8
A-EQIP
10
28000
20
7540
30
0.0
40
150
0
LINE
8
A-EQIP
10
28000
20
7290
30
0.0
11
28000
21
7210
31
0.0
0
CIRCLE
8
A-FURN
10
28000
20
8400
30
0.0
40
200
0
LINE
8
A-FURN
10
28230
20
8580
30
0.0
11
27770
21
8580
31
0.0
0
LINE
8
A-FURN
10
27770
20
8580
30
0.0
11
27770
21
8160
31
0.0
0
LINE
8
A-FURN
10
27770
20
8160
30
0.0
11
28230
21
8160
31
0.0
0
LINE
8
A-FURN
10
28230
20
8160
30
0.0
11
28230
21
8580
31
0.0
0
LINE
8
A-FURN
10
28240
20
8710
30
0.0
11
27760
21
8710
31
0.0
0
LINE
8
A-FURN
10
27760
20
8710
30
0.0
11
27760
21
8580
31
0.0
0
LINE
8
A-FURN
10
27760
20
8580
30
0.0
11
28240
21
8580
31
0.0
0
LINE
8
A-FURN
10
28240
20
8580
30
0.0
11
28240
21
8710
31
0.0
0
CIRCLE
8
A-EQIP
10
28000
20
9040
30
0.0
40
260
0
CIRCLE
8
A-EQIP
10
28000
20
9040
30
0.0
40
150
0
LINE
8
A-EQIP
10
28000
20
8790
30
0.0
11
28000
21
8710
31
0.0
0
CIRCLE
8
A-FURN
10
28000
20
9900
30
0.0
40
200
0
LINE
8
A-FURN
10
28230
20
10080
30
0.0
11
27770
21
10080
31
0.0
0
LINE
8
A-FURN
10
27770
20
10080
30
0.0
11
27770
21
9660
31
0.0
0
LINE
8
A-FURN
10
27770
20
9660
30
0.0
11
28230
21
9660
31
0.0
0
LINE
8
A-FURN
10
28230
20
9660
30
0.0
11
28230
21
10080
31
0.0
0
LINE
8
A-FURN
10
28240
20
10210
30
0.0
11
27760
21
10210
31
0.0
0
LINE
8
A-FURN
10
27760
20
10210
30
0.0
11
27760
21
10080
31
0.0
0
LINE
8
A-FURN
10
27760
20
10080
30
0.0
11
28240
21
10080
31
0.0
0
LINE
8
A-FURN
10
28240
20
10080
30
0.0
11
28240
21
10210
31
0.0
0
CIRCLE
8
A-EQIP
10
28000
20
10540
30
0.0
40
260
0
CIRCLE
8
A-EQIP
10
28000
20
10540
30
0.0
40
150
0
LINE
8
A-EQIP
10
28000
20
10290
30
0.0
11
28000
21
10210
31
0.0
0
LINE
8
A-STAIR
10
0
20
13980
30
0.0
11
1200
21
13980
31
0.0
0
LINE
8
A-STAIR
10
1200
20
13980
30
0.0
11
1200
21
16500
31
0.0
0
LINE
8
A-STAIR
10
1200
20
16500
30
0.0
11
4000
21
16500
31
0.0
0
LINE
8
A-STAIR
10
4000
20
16500
30
0.0
11
4000
21
17700
31
0.0
0
LINE
8
A-STAIR
10
0
20
14260
30
0.0
11
1200
21
14260
31
0.0
0
LINE
8
A-STAIR
10
0
20
14540
30
0.0
11
1200
21
14540
31
0.0
0
LINE
8
A-STAIR
10
0
20
14820
30
0.0
11
1200
21
14820
31
0.0
0
LINE
8
A-STAIR
10
0
20
15100
30
0.0
11
1200
21
15100
31
0.0
0
LINE
8
A-STAIR
10
0
20
15380
30
0.0
11
1200
21
15380
31
0.0
0
LINE
8
A-STAIR
10
0
20
15660
30
0.0
11
1200
21
15660
31
0.0
0
LINE
8
A-STAIR
10
0
20
15940
30
0.0
11
1200
21
15940
31
0.0
0
LINE
8
A-STAIR
10
0
20
16220
30
0.0
11
1200
21
16220
31
0.0
0
LINE
8
A-STAIR
10
0
20
16500
30
0.0
11
1200
21
16500
31
0.0
0
LINE
8
A-STAIR
10
1480
20
16500
30
0.0
11
1480
21
17700
31
0.0
0
LINE
8
A-STAIR
10
1760
20
16500
30
0.0
11
1760
21
17700
31
0.0
0
LINE
8
A-STAIR
10
2040
20
16500
30
0.0
11
2040
21
17700
31
0.0
0
LINE
8
A-STAIR
10
2320
20
16500
30
0.0
11
2320
21
17700
31
0.0
0
LINE
8
A-STAIR
10
2600
20
16500
30
0.0
11
2600
21
17700
31
0.0
0
LINE
8
A-STAIR
10
2880
20
16500
30
0.0
11
2880
21
17700
31
0.0
0
LINE
8
A-STAIR
10
3160
20
16500
30
0.0
11
3160
21
17700
31
0.0
0
LINE
8
A-STAIR
10
3440
20
16500
30
0.0
11
3440
21
17700
31
0.0
0
LINE
8
A-STAIR
10
3720
20
16500
30
0.0
11
3720
21
17700
31
0.0
0
LINE
8
A-STAIR
10
95
20
13980
30
0.0
11
95
21
16405
31
0.0
0
LINE
8
A-STAIR
10
95
20
16595
30
0.0
11
4000
21
16595
31
0.0
0
TEXT
8
A-STAIR
10
1500
20
14300
30
0.0
40
190
1
\U+0635\U+0639\U+0648\U+062F 21 \U+0642\U+0627\U+0626\U+0645\U+0629
50
90
7
ARABIC
0
LINE
8
A-STAIR
10
29800
20
13980
30
0.0
11
28600
21
13980
31
0.0
0
LINE
8
A-STAIR
10
28600
20
13980
30
0.0
11
28600
21
16500
31
0.0
0
LINE
8
A-STAIR
10
28600
20
16500
30
0.0
11
25800
21
16500
31
0.0
0
LINE
8
A-STAIR
10
25800
20
16500
30
0.0
11
25800
21
17700
31
0.0
0
LINE
8
A-STAIR
10
29800
20
14260
30
0.0
11
28600
21
14260
31
0.0
0
LINE
8
A-STAIR
10
29800
20
14540
30
0.0
11
28600
21
14540
31
0.0
0
LINE
8
A-STAIR
10
29800
20
14820
30
0.0
11
28600
21
14820
31
0.0
0
LINE
8
A-STAIR
10
29800
20
15100
30
0.0
11
28600
21
15100
31
0.0
0
LINE
8
A-STAIR
10
29800
20
15380
30
0.0
11
28600
21
15380
31
0.0
0
LINE
8
A-STAIR
10
29800
20
15660
30
0.0
11
28600
21
15660
31
0.0
0
LINE
8
A-STAIR
10
29800
20
15940
30
0.0
11
28600
21
15940
31
0.0
0
LINE
8
A-STAIR
10
29800
20
16220
30
0.0
11
28600
21
16220
31
0.0
0
LINE
8
A-STAIR
10
29800
20
16500
30
0.0
11
28600
21
16500
31
0.0
0
LINE
8
A-STAIR
10
28320
20
16500
30
0.0
11
28320
21
17700
31
0.0
0
LINE
8
A-STAIR
10
28040
20
16500
30
0.0
11
28040
21
17700
31
0.0
0
LINE
8
A-STAIR
10
27760
20
16500
30
0.0
11
27760
21
17700
31
0.0
0
LINE
8
A-STAIR
10
27480
20
16500
30
0.0
11
27480
21
17700
31
0.0
0
LINE
8
A-STAIR
10
27200
20
16500
30
0.0
11
27200
21
17700
31
0.0
0
LINE
8
A-STAIR
10
26920
20
16500
30
0.0
11
26920
21
17700
31
0.0
0
LINE
8
A-STAIR
10
26640
20
16500
30
0.0
11
26640
21
17700
31
0.0
0
LINE
8
A-STAIR
10
26360
20
16500
30
0.0
11
26360
21
17700
31
0.0
0
LINE
8
A-STAIR
10
26080
20
16500
30
0.0
11
26080
21
17700
31
0.0
0
LINE
8
A-STAIR
10
29705
20
13980
30
0.0
11
29705
21
16405
31
0.0
0
LINE
8
A-STAIR
10
29705
20
16595
30
0.0
11
25800
21
16595
31
0.0
0
TEXT
8
A-STAIR
10
28300
20
14300
30
0.0
40
190
1
\U+0635\U+0639\U+0648\U+062F 21 \U+0642\U+0627\U+0626\U+0645\U+0629
50
90
7
ARABIC
0
LINE
8
A-EQIP
10
4800
20
13250
30
0.0
11
5700
21
13250
31
0.0
0
LINE
8
A-EQIP
10
5700
20
13250
30
0.0
11
5700
21
14150
31
0.0
0
LINE
8
A-EQIP
10
5700
20
14150
30
0.0
11
4800
21
14150
31
0.0
0
LINE
8
A-EQIP
10
4800
20
14150
30
0.0
11
4800
21
13250
31
0.0
0
CIRCLE
8
A-EQIP
10
5250
20
13700
30
0.0
40
65
0
LINE
8
A-EQIP
10
4800
20
13250
30
0.0
11
5250
21
13700
31
0.0
0
LINE
8
A-EQIP
10
5700
20
13250
30
0.0
11
5250
21
13700
31
0.0
0
LINE
8
A-EQIP
10
4800
20
14150
30
0.0
11
5250
21
13700
31
0.0
0
LINE
8
A-EQIP
10
5700
20
14150
30
0.0
11
5250
21
13700
31
0.0
0
CIRCLE
8
A-EQIP
10
5250
20
13370
30
0.0
40
95
0
LINE
8
A-EQIP
10
5600
20
13250
30
0.0
11
6500
21
13250
31
0.0
0
LINE
8
A-EQIP
10
6500
20
13250
30
0.0
11
6500
21
14150
31
0.0
0
LINE
8
A-EQIP
10
6500
20
14150
30
0.0
11
5600
21
14150
31
0.0
0
LINE
8
A-EQIP
10
5600
20
14150
30
0.0
11
5600
21
13250
31
0.0
0
CIRCLE
8
A-EQIP
10
6050
20
13700
30
0.0
40
65
0
LINE
8
A-EQIP
10
5600
20
13250
30
0.0
11
6050
21
13700
31
0.0
0
LINE
8
A-EQIP
10
6500
20
13250
30
0.0
11
6050
21
13700
31
0.0
0
LINE
8
A-EQIP
10
5600
20
14150
30
0.0
11
6050
21
13700
31
0.0
0
LINE
8
A-EQIP
10
6500
20
14150
30
0.0
11
6050
21
13700
31
0.0
0
CIRCLE
8
A-EQIP
10
6050
20
13370
30
0.0
40
95
0
LINE
8
A-EQIP
10
6400
20
13250
30
0.0
11
7300
21
13250
31
0.0
0
LINE
8
A-EQIP
10
7300
20
13250
30
0.0
11
7300
21
14150
31
0.0
0
LINE
8
A-EQIP
10
7300
20
14150
30
0.0
11
6400
21
14150
31
0.0
0
LINE
8
A-EQIP
10
6400
20
14150
30
0.0
11
6400
21
13250
31
0.0
0
CIRCLE
8
A-EQIP
10
6850
20
13700
30
0.0
40
65
0
LINE
8
A-EQIP
10
6400
20
13250
30
0.0
11
6850
21
13700
31
0.0
0
LINE
8
A-EQIP
10
7300
20
13250
30
0.0
11
6850
21
13700
31
0.0
0
LINE
8
A-EQIP
10
6400
20
14150
30
0.0
11
6850
21
13700
31
0.0
0
LINE
8
A-EQIP
10
7300
20
14150
30
0.0
11
6850
21
13700
31
0.0
0
CIRCLE
8
A-EQIP
10
6850
20
13370
30
0.0
40
95
0
LINE
8
A-EQIP
10
7200
20
13250
30
0.0
11
8100
21
13250
31
0.0
0
LINE
8
A-EQIP
10
8100
20
13250
30
0.0
11
8100
21
14150
31
0.0
0
LINE
8
A-EQIP
10
8100
20
14150
30
0.0
11
7200
21
14150
31
0.0
0
LINE
8
A-EQIP
10
7200
20
14150
30
0.0
11
7200
21
13250
31
0.0
0
CIRCLE
8
A-EQIP
10
7650
20
13700
30
0.0
40
65
0
LINE
8
A-EQIP
10
7200
20
13250
30
0.0
11
7650
21
13700
31
0.0
0
LINE
8
A-EQIP
10
8100
20
13250
30
0.0
11
7650
21
13700
31
0.0
0
LINE
8
A-EQIP
10
7200
20
14150
30
0.0
11
7650
21
13700
31
0.0
0
LINE
8
A-EQIP
10
8100
20
14150
30
0.0
11
7650
21
13700
31
0.0
0
CIRCLE
8
A-EQIP
10
7650
20
13370
30
0.0
40
95
0
LINE
8
A-EQIP
10
8000
20
13250
30
0.0
11
8900
21
13250
31
0.0
0
LINE
8
A-EQIP
10
8900
20
13250
30
0.0
11
8900
21
14150
31
0.0
0
LINE
8
A-EQIP
10
8900
20
14150
30
0.0
11
8000
21
14150
31
0.0
0
LINE
8
A-EQIP
10
8000
20
14150
30
0.0
11
8000
21
13250
31
0.0
0
CIRCLE
8
A-EQIP
10
8450
20
13700
30
0.0
40
65
0
LINE
8
A-EQIP
10
8000
20
13250
30
0.0
11
8450
21
13700
31
0.0
0
LINE
8
A-EQIP
10
8900
20
13250
30
0.0
11
8450
21
13700
31
0.0
0
LINE
8
A-EQIP
10
8000
20
14150
30
0.0
11
8450
21
13700
31
0.0
0
LINE
8
A-EQIP
10
8900
20
14150
30
0.0
11
8450
21
13700
31
0.0
0
CIRCLE
8
A-EQIP
10
8450
20
13370
30
0.0
40
95
0
LINE
8
A-FURN
10
4800
20
16900
30
0.0
11
9200
21
16900
31
0.0
0
LINE
8
A-FURN
10
9200
20
16900
30
0.0
11
9200
21
17500
31
0.0
0
LINE
8
A-FURN
10
9200
20
17500
30
0.0
11
4800
21
17500
31
0.0
0
LINE
8
A-FURN
10
4800
20
17500
30
0.0
11
4800
21
16900
31
0.0
0
LINE
8
A-FURN
10
5350
20
16900
30
0.0
11
5350
21
17500
31
0.0
0
LINE
8
A-FURN
10
5900
20
16900
30
0.0
11
5900
21
17500
31
0.0
0
LINE
8
A-FURN
10
6450
20
16900
30
0.0
11
6450
21
17500
31
0.0
0
LINE
8
A-FURN
10
7000
20
16900
30
0.0
11
7000
21
17500
31
0.0
0
LINE
8
A-FURN
10
7550
20
16900
30
0.0
11
7550
21
17500
31
0.0
0
LINE
8
A-FURN
10
8100
20
16900
30
0.0
11
8100
21
17500
31
0.0
0
LINE
8
A-FURN
10
8650
20
16900
30
0.0
11
8650
21
17500
31
0.0
0
LINE
8
A-FURN
10
5600
20
15300
30
0.0
11
8400
21
15300
31
0.0
0
LINE
8
A-FURN
10
8400
20
15300
30
0.0
11
8400
21
15900
31
0.0
0
LINE
8
A-FURN
10
8400
20
15900
30
0.0
11
5600
21
15900
31
0.0
0
LINE
8
A-FURN
10
5600
20
15900
30
0.0
11
5600
21
15300
31
0.0
0
LINE
8
A-PART
10
13100
20
13000
30
0.0
11
13100
21
17700
31
0.0
0
LINE
8
A-EQIP
10
10800
20
14300
30
0.0
11
11700
21
14300
31
0.0
0
LINE
8
A-EQIP
10
11700
20
14300
30
0.0
11
11700
21
16300
31
0.0
0
LINE
8
A-EQIP
10
11700
20
16300
30
0.0
11
10800
21
16300
31
0.0
0
LINE
8
A-EQIP
10
10800
20
16300
30
0.0
11
10800
21
14300
31
0.0
0
LINE
8
A-EQIP
10
10800
20
14660
30
0.0
11
11700
21
14660
31
0.0
0
LINE
8
A-EQIP
10
10800
20
15940
30
0.0
11
11700
21
15940
31
0.0
0
CIRCLE
8
A-EQIP
10
11250
20
15300
30
0.0
40
80
0
CIRCLE
8
A-EQIP
10
11250
20
15300
30
0.0
40
190
0
LINE
8
A-EQIP
10
14500
20
14300
30
0.0
11
15400
21
14300
31
0.0
0
LINE
8
A-EQIP
10
15400
20
14300
30
0.0
11
15400
21
16300
31
0.0
0
LINE
8
A-EQIP
10
15400
20
16300
30
0.0
11
14500
21
16300
31
0.0
0
LINE
8
A-EQIP
10
14500
20
16300
30
0.0
11
14500
21
14300
31
0.0
0
LINE
8
A-EQIP
10
14500
20
14660
30
0.0
11
15400
21
14660
31
0.0
0
LINE
8
A-EQIP
10
14500
20
15940
30
0.0
11
15400
21
15940
31
0.0
0
CIRCLE
8
A-EQIP
10
14950
20
15300
30
0.0
40
80
0
CIRCLE
8
A-EQIP
10
14950
20
15300
30
0.0
40
190
0
LINE
8
A-FURN
10
12200
20
13900
30
0.0
11
12800
21
13900
31
0.0
0
LINE
8
A-FURN
10
12800
20
13900
30
0.0
11
12800
21
16500
31
0.0
0
LINE
8
A-FURN
10
12800
20
16500
30
0.0
11
12200
21
16500
31
0.0
0
LINE
8
A-FURN
10
12200
20
16500
30
0.0
11
12200
21
13900
31
0.0
0
LINE
8
A-FURN
10
12200
20
14550
30
0.0
11
12800
21
14550
31
0.0
0
LINE
8
A-FURN
10
12200
20
15200
30
0.0
11
12800
21
15200
31
0.0
0
LINE
8
A-FURN
10
12200
20
15850
30
0.0
11
12800
21
15850
31
0.0
0
LINE
8
A-FURN
10
15900
20
13900
30
0.0
11
16500
21
13900
31
0.0
0
LINE
8
A-FURN
10
16500
20
13900
30
0.0
11
16500
21
16500
31
0.0
0
LINE
8
A-FURN
10
16500
20
16500
30
0.0
11
15900
21
16500
31
0.0
0
LINE
8
A-FURN
10
15900
20
16500
30
0.0
11
15900
21
13900
31
0.0
0
LINE
8
A-FURN
10
15900
20
14550
30
0.0
11
16500
21
14550
31
0.0
0
LINE
8
A-FURN
10
15900
20
15200
30
0.0
11
16500
21
15200
31
0.0
0
LINE
8
A-FURN
10
15900
20
15850
30
0.0
11
16500
21
15850
31
0.0
0
LINE
8
A-EQIP
10
11600
20
17500
30
0.0
11
10900
21
17500
31
0.0
0
LINE
8
A-EQIP
10
10900
20
17500
30
0.0
11
10900
21
17000
31
0.0
0
LINE
8
A-EQIP
10
10900
20
17000
30
0.0
11
11600
21
17000
31
0.0
0
LINE
8
A-EQIP
10
11600
20
17000
30
0.0
11
11600
21
17500
31
0.0
0
CIRCLE
8
A-EQIP
10
11250
20
17250
30
0.0
40
205
0
CIRCLE
8
A-EQIP
10
11250
20
17250
30
0.0
40
55
0
CIRCLE
8
A-EQIP
10
11250
20
17430
30
0.0
40
45
0
LINE
8
A-EQIP
10
15300
20
17500
30
0.0
11
14600
21
17500
31
0.0
0
LINE
8
A-EQIP
10
14600
20
17500
30
0.0
11
14600
21
17000
31
0.0
0
LINE
8
A-EQIP
10
14600
20
17000
30
0.0
11
15300
21
17000
31
0.0
0
LINE
8
A-EQIP
10
15300
20
17000
30
0.0
11
15300
21
17500
31
0.0
0
CIRCLE
8
A-EQIP
10
14950
20
17250
30
0.0
40
205
0
CIRCLE
8
A-EQIP
10
14950
20
17250
30
0.0
40
55
0
CIRCLE
8
A-EQIP
10
14950
20
17430
30
0.0
40
45
0
LINE
8
A-PART
10
19100
20
13000
30
0.0
11
19100
21
17700
31
0.0
0
LINE
8
A-EQIP
10
17100
20
13500
30
0.0
11
18800
21
13500
31
0.0
0
LINE
8
A-EQIP
10
18800
20
13500
30
0.0
11
18800
21
17300
31
0.0
0
LINE
8
A-EQIP
10
18800
20
17300
30
0.0
11
17100
21
17300
31
0.0
0
LINE
8
A-EQIP
10
17100
20
17300
30
0.0
11
17100
21
13500
31
0.0
0
LINE
8
A-EQIP
10
17200
20
13900
30
0.0
11
17800
21
13900
31
0.0
0
LINE
8
A-EQIP
10
17800
20
13900
30
0.0
11
17800
21
17000
31
0.0
0
LINE
8
A-EQIP
10
17800
20
17000
30
0.0
11
17200
21
17000
31
0.0
0
LINE
8
A-EQIP
10
17200
20
17000
30
0.0
11
17200
21
13900
31
0.0
0
LINE
8
A-EQIP
10
17200
20
15450
30
0.0
11
17800
21
15450
31
0.0
0
LINE
8
A-EQIP
10
18150
20
13900
30
0.0
11
18750
21
13900
31
0.0
0
LINE
8
A-EQIP
10
18750
20
13900
30
0.0
11
18750
21
17000
31
0.0
0
LINE
8
A-EQIP
10
18750
20
17000
30
0.0
11
18150
21
17000
31
0.0
0
LINE
8
A-EQIP
10
18150
20
17000
30
0.0
11
18150
21
13900
31
0.0
0
LINE
8
A-EQIP
10
18150
20
15450
30
0.0
11
18750
21
15450
31
0.0
0
LINE
8
A-EQIP
10
17300
20
13550
30
0.0
11
17800
21
13550
31
0.0
0
LINE
8
A-EQIP
10
17800
20
13550
30
0.0
11
17800
21
14050
31
0.0
0
LINE
8
A-EQIP
10
17800
20
14050
30
0.0
11
17300
21
14050
31
0.0
0
LINE
8
A-EQIP
10
17300
20
14050
30
0.0
11
17300
21
13550
31
0.0
0
LINE
8
A-EQIP
10
17300
20
13550
30
0.0
11
17800
21
14050
31
0.0
0
LINE
8
A-EQIP
10
17300
20
14050
30
0.0
11
17800
21
13550
31
0.0
0
LINE
8
A-EQIP
10
19400
20
13500
30
0.0
11
21100
21
13500
31
0.0
0
LINE
8
A-EQIP
10
21100
20
13500
30
0.0
11
21100
21
17300
31
0.0
0
LINE
8
A-EQIP
10
21100
20
17300
30
0.0
11
19400
21
17300
31
0.0
0
LINE
8
A-EQIP
10
19400
20
17300
30
0.0
11
19400
21
13500
31
0.0
0
LINE
8
A-EQIP
10
19500
20
13900
30
0.0
11
20100
21
13900
31
0.0
0
LINE
8
A-EQIP
10
20100
20
13900
30
0.0
11
20100
21
17000
31
0.0
0
LINE
8
A-EQIP
10
20100
20
17000
30
0.0
11
19500
21
17000
31
0.0
0
LINE
8
A-EQIP
10
19500
20
17000
30
0.0
11
19500
21
13900
31
0.0
0
LINE
8
A-EQIP
10
19500
20
15450
30
0.0
11
20100
21
15450
31
0.0
0
LINE
8
A-EQIP
10
20450
20
13900
30
0.0
11
21050
21
13900
31
0.0
0
LINE
8
A-EQIP
10
21050
20
13900
30
0.0
11
21050
21
17000
31
0.0
0
LINE
8
A-EQIP
10
21050
20
17000
30
0.0
11
20450
21
17000
31
0.0
0
LINE
8
A-EQIP
10
20450
20
17000
30
0.0
11
20450
21
13900
31
0.0
0
LINE
8
A-EQIP
10
20450
20
15450
30
0.0
11
21050
21
15450
31
0.0
0
LINE
8
A-EQIP
10
20550
20
13550
30
0.0
11
21050
21
13550
31
0.0
0
LINE
8
A-EQIP
10
21050
20
13550
30
0.0
11
21050
21
14050
31
0.0
0
LINE
8
A-EQIP
10
21050
20
14050
30
0.0
11
20550
21
14050
31
0.0
0
LINE
8
A-EQIP
10
20550
20
14050
30
0.0
11
20550
21
13550
31
0.0
0
LINE
8
A-EQIP
10
20550
20
13550
30
0.0
11
21050
21
14050
31
0.0
0
LINE
8
A-EQIP
10
20550
20
14050
30
0.0
11
21050
21
13550
31
0.0
0
LINE
8
A-EQIP
10
21800
20
13400
30
0.0
11
23000
21
13400
31
0.0
0
LINE
8
A-EQIP
10
23000
20
13400
30
0.0
11
23000
21
14800
31
0.0
0
LINE
8
A-EQIP
10
23000
20
14800
30
0.0
11
21800
21
14800
31
0.0
0
LINE
8
A-EQIP
10
21800
20
14800
30
0.0
11
21800
21
13400
31
0.0
0
LINE
8
A-EQIP
10
21800
20
14100
30
0.0
11
23000
21
14100
31
0.0
0
LINE
8
A-EQIP
10
23400
20
13400
30
0.0
11
24600
21
13400
31
0.0
0
LINE
8
A-EQIP
10
24600
20
13400
30
0.0
11
24600
21
14800
31
0.0
0
LINE
8
A-EQIP
10
24600
20
14800
30
0.0
11
23400
21
14800
31
0.0
0
LINE
8
A-EQIP
10
23400
20
14800
30
0.0
11
23400
21
13400
31
0.0
0
LINE
8
A-EQIP
10
23400
20
14100
30
0.0
11
24600
21
14100
31
0.0
0
LINE
8
A-EQIP
10
21800
20
15400
30
0.0
11
24800
21
15400
31
0.0
0
LINE
8
A-EQIP
10
24800
20
15400
30
0.0
11
24800
21
16400
31
0.0
0
LINE
8
A-EQIP
10
24800
20
16400
30
0.0
11
21800
21
16400
31
0.0
0
LINE
8
A-EQIP
10
21800
20
16400
30
0.0
11
21800
21
15400
31
0.0
0
LINE
8
A-EQIP
10
22550
20
15400
30
0.0
11
22550
21
16400
31
0.0
0
LINE
8
A-EQIP
10
23300
20
15400
30
0.0
11
23300
21
16400
31
0.0
0
LINE
8
A-EQIP
10
24050
20
15400
30
0.0
11
24050
21
16400
31
0.0
0
LINE
8
A-EQIP
10
21800
20
16900
30
0.0
11
24800
21
16900
31
0.0
0
LINE
8
A-EQIP
10
24800
20
16900
30
0.0
11
24800
21
17400
31
0.0
0
LINE
8
A-EQIP
10
24800
20
17400
30
0.0
11
21800
21
17400
31
0.0
0
LINE
8
A-EQIP
10
21800
20
17400
30
0.0
11
21800
21
16900
31
0.0
0
TEXT
8
A-ROOM-AR
10
20300
20
2150
30
0.0
40
300
1
\U+0641\U+0631\U+0627\U+063A \U+0645\U+0641\U+062A\U+0648\U+062D \U+0628\U+0627\U+0631\U+062A\U+0641\U+0627\U+0639 6.50 \U+0645
50
0
7
ARABIC
72
2
11
20300
21
2150
31
0.0
0
LINE
8
A-FLOW
10
17400
20
900
30
0.0
11
17400
21
12200
31
0.0
0
LINE
8
A-FLOW
10
17400
20
12200
30
0.0
11
27400
21
12200
31
0.0
0
LINE
8
A-FLOW
10
17400
20
12200
30
0.0
11
2400
21
12200
31
0.0
0
TEXT
8
A-FLOW
10
14000
20
12400
30
0.0
40
200
1
\U+0645\U+0633\U+0627\U+0631 \U+0627\U+0644\U+0648\U+0635\U+0648\U+0644 \U+0644\U+0644\U+062F\U+0631\U+062C\U+064A\U+0646 \U+0627\U+0644\U+0642\U+0627\U+0626\U+0645\U+064A\U+0646
50
0
7
ARABIC
72
2
11
14000
21
12400
31
0.0
0
LINE
8
A-DIMS
10
0
20
0
30
0.0
11
0
21
-1670
31
0.0
0
LINE
8
A-DIMS
10
29800
20
0
30
0.0
11
29800
21
-1670
31
0.0
0
LINE
8
A-DIMS
10
0
20
-1500
30
0.0
11
29800
21
-1500
31
0.0
0
LINE
8
A-DIMS
10
-90
20
-1590
30
0.0
11
90
21
-1410
31
0.0
0
LINE
8
A-DIMS
10
29710
20
-1590
30
0.0
11
29890
21
-1410
31
0.0
0
TEXT
8
A-DIMS
10
14900
20
-1360
30
0.0
40
210
1
29800
50
0
7
ROMANS
72
1
11
14900
21
-1360
31
0.0
0
LINE
8
A-DIMS
10
0
20
0
30
0.0
11
-1670
21
0
31
0.0
0
LINE
8
A-DIMS
10
0
20
3200
30
0.0
11
-1670
21
3200
31
0.0
0
LINE
8
A-DIMS
10
-1500
20
0
30
0.0
11
-1500
21
3200
31
0.0
0
LINE
8
A-DIMS
10
-1590
20
-90
30
0.0
11
-1410
21
90
31
0.0
0
LINE
8
A-DIMS
10
-1590
20
3110
30
0.0
11
-1410
21
3290
31
0.0
0
TEXT
8
A-DIMS
10
-1640
20
1600
30
0.0
40
210
1
3200
50
90
7
ROMANS
72
1
11
-1640
21
1600
31
0.0
0
LINE
8
A-DIMS
10
0
20
17700
30
0.0
11
-1670
21
17700
31
0.0
0
LINE
8
A-DIMS
10
-1500
20
3200
30
0.0
11
-1500
21
17700
31
0.0
0
LINE
8
A-DIMS
10
-1590
20
17610
30
0.0
11
-1410
21
17790
31
0.0
0
TEXT
8
A-DIMS
10
-1640
20
10450
30
0.0
40
210
1
14500
50
90
7
ROMANS
72
1
11
-1640
21
10450
31
0.0
0
LINE
8
A-DIMS
10
0
20
0
30
0.0
11
-3070
21
0
31
0.0
0
LINE
8
A-DIMS
10
0
20
17700
30
0.0
11
-3070
21
17700
31
0.0
0
LINE
8
A-DIMS
10
-2900
20
0
30
0.0
11
-2900
21
17700
31
0.0
0
LINE
8
A-DIMS
10
-2990
20
-90
30
0.0
11
-2810
21
90
31
0.0
0
LINE
8
A-DIMS
10
-2990
20
17610
30
0.0
11
-2810
21
17790
31
0.0
0
TEXT
8
A-DIMS
10
-3040
20
8850
30
0.0
40
210
1
17700
50
90
7
ROMANS
72
1
11
-3040
21
8850
31
0.0
0
TEXT
8
A-TITL
10
29800
20
-4400
30
0.0
40
540
1
\U+0645\U+062E\U+0637\U+0637 \U+0627\U+0644\U+0637\U+0627\U+0628\U+0642 \U+0627\U+0644\U+0623\U+0631\U+0636\U+064A     \U+0645\U+0646\U+0633\U+0648\U+0628 +0.000     \U+0645\U+0642\U+064A\U+0627\U+0633 1:100
50
0
7
ARABIC
72
2
11
29800
21
-4400
31
0.0
0
SOLID
8
A-WALL-PAT
10
35800
20
17700
30
0.0
11
66000
21
17700
31
0.0
12
35800
22
17900
32
0.0
13
66000
23
17900
33
0.0
0
LINE
8
A-WALL
10
35800
20
17700
30
0.0
11
66000
21
17700
31
0.0
0
LINE
8
A-WALL
10
66000
20
17700
30
0.0
11
66000
21
17900
31
0.0
0
LINE
8
A-WALL
10
66000
20
17900
30
0.0
11
35800
21
17900
31
0.0
0
LINE
8
A-WALL
10
35800
20
17900
30
0.0
11
35800
21
17700
31
0.0
0
SOLID
8
A-WALL-PAT
10
35800
20
3200
30
0.0
11
36000
21
3200
31
0.0
12
35800
22
17900
32
0.0
13
36000
23
17900
33
0.0
0
LINE
8
A-WALL
10
35800
20
3200
30
0.0
11
36000
21
3200
31
0.0
0
LINE
8
A-WALL
10
36000
20
3200
30
0.0
11
36000
21
17900
31
0.0
0
LINE
8
A-WALL
10
36000
20
17900
30
0.0
11
35800
21
17900
31
0.0
0
LINE
8
A-WALL
10
35800
20
17900
30
0.0
11
35800
21
3200
31
0.0
0
SOLID
8
A-WALL-PAT
10
65800
20
3200
30
0.0
11
66000
21
3200
31
0.0
12
65800
22
17900
32
0.0
13
66000
23
17900
33
0.0
0
LINE
8
A-WALL
10
65800
20
3200
30
0.0
11
66000
21
3200
31
0.0
0
LINE
8
A-WALL
10
66000
20
3200
30
0.0
11
66000
21
17900
31
0.0
0
LINE
8
A-WALL
10
66000
20
17900
30
0.0
11
65800
21
17900
31
0.0
0
LINE
8
A-WALL
10
65800
20
17900
30
0.0
11
65800
21
3200
31
0.0
0
LINE
8
A-DEMO
10
40800
20
3200
30
0.0
11
40800
21
17700
31
0.0
0
LINE
8
A-DEMO
10
41000
20
3200
30
0.0
11
41000
21
17700
31
0.0
0
LINE
8
A-DEMO
10
45800
20
3200
30
0.0
11
45800
21
17700
31
0.0
0
LINE
8
A-DEMO
10
46000
20
3200
30
0.0
11
46000
21
17700
31
0.0
0
LINE
8
A-DEMO
10
50800
20
3200
30
0.0
11
50800
21
17700
31
0.0
0
LINE
8
A-DEMO
10
51000
20
3200
30
0.0
11
51000
21
17700
31
0.0
0
LINE
8
A-DEMO
10
55800
20
3200
30
0.0
11
55800
21
17700
31
0.0
0
LINE
8
A-DEMO
10
56000
20
3200
30
0.0
11
56000
21
17700
31
0.0
0
LINE
8
A-DEMO
10
60800
20
3200
30
0.0
11
60800
21
17700
31
0.0
0
LINE
8
A-DEMO
10
61000
20
3200
30
0.0
11
61000
21
17700
31
0.0
0
LINE
8
A-PART
10
36000
20
3200
30
0.0
11
65800
21
3200
31
0.0
0
LINE
8
A-PART
10
36000
20
4400
30
0.0
11
47900
21
4400
31
0.0
0
LINE
8
A-PART
10
48800
20
4400
30
0.0
11
60500
21
4400
31
0.0
0
LINE
8
A-PART
10
61400
20
4400
30
0.0
11
65800
21
4400
31
0.0
0
LINE
8
A-PART
10
36000
20
3200
30
0.0
11
36000
21
4400
31
0.0
0
LINE
8
A-PART
10
65800
20
3200
30
0.0
11
65800
21
4400
31
0.0
0
TEXT
8
A-ROOM-AR
10
65480
20
3690
30
0.0
40
240
1
\U+0645\U+0645\U+0631 \U+0627\U+0644\U+0634\U+0631\U+0641\U+0629
50
0
7
ARABIC
72
2
11
65480
21
3690
31
0.0
0
TEXT
8
A-AREA
10
61280
20
3690
30
0.0
40
200
1
35.76 \U+0645\U+00B2
50
0
7
ARABIC
72
2
11
61280
21
3690
31
0.0
0
LINE
8
A-PART
10
36000
20
4400
30
0.0
11
43000
21
4400
31
0.0
0
LINE
8
A-PART
10
36000
20
11400
30
0.0
11
43000
21
11400
31
0.0
0
LINE
8
A-PART
10
36000
20
4400
30
0.0
11
36000
21
11400
31
0.0
0
LINE
8
A-PART
10
43000
20
4400
30
0.0
11
43000
21
11400
31
0.0
0
TEXT
8
A-ROOM-AR
10
42680
20
10760
30
0.0
40
260
1
\U+0627\U+0644\U+0645\U+0643\U+064A\U+0627\U+062C
50
0
7
ARABIC
72
2
11
42680
21
10760
31
0.0
0
TEXT
8
A-ROOM-EN
10
42680
20
10430
30
0.0
40
160
1
MAKEUP
50
0
7
ROMANS
72
2
11
42680
21
10430
31
0.0
0
TEXT
8
A-AREA
10
42680
20
10120
30
0.0
40
200
1
49 \U+0645\U+00B2
50
0
7
ARABIC
72
2
11
42680
21
10120
31
0.0
0
TEXT
8
A-AREA
10
42680
20
9810
30
0.0
40
190
1
7 \U+0645\U+062D\U+0637\U+0627\U+062A
50
0
7
ARABIC
72
2
11
42680
21
9810
31
0.0
0
LINE
8
A-PART
10
43000
20
4400
30
0.0
11
47000
21
4400
31
0.0
0
LINE
8
A-PART
10
43000
20
11400
30
0.0
11
47000
21
11400
31
0.0
0
LINE
8
A-PART
10
47000
20
4400
30
0.0
11
47000
21
11400
31
0.0
0
TEXT
8
A-ROOM-AR
10
46680
20
10760
30
0.0
40
260
1
\U+0627\U+0644\U+062D\U+0648\U+0627\U+062C\U+0628 \U+0648\U+0627\U+0644\U+0631\U+0645\U+0648\U+0634
50
0
7
ARABIC
72
2
11
46680
21
10760
31
0.0
0
TEXT
8
A-ROOM-EN
10
46680
20
10430
30
0.0
40
160
1
BROW / LASH
50
0
7
ROMANS
72
2
11
46680
21
10430
31
0.0
0
TEXT
8
A-AREA
10
46680
20
10120
30
0.0
40
200
1
28 \U+0645\U+00B2
50
0
7
ARABIC
72
2
11
46680
21
10120
31
0.0
0
TEXT
8
A-AREA
10
46680
20
9810
30
0.0
40
190
1
4 \U+0623\U+0633\U+0631\U+0651\U+0629
50
0
7
ARABIC
72
2
11
46680
21
9810
31
0.0
0
LINE
8
A-PART
10
47000
20
4400
30
0.0
11
47900
21
4400
31
0.0
0
LINE
8
A-PART
10
48800
20
4400
30
0.0
11
49400
21
4400
31
0.0
0
LINE
8
A-PART
10
47000
20
11400
30
0.0
11
49400
21
11400
31
0.0
0
LINE
8
A-PART
10
49400
20
4400
30
0.0
11
49400
21
11400
31
0.0
0
TEXT
8
A-ROOM-AR
10
49080
20
10760
30
0.0
40
260
1
\U+062F\U+0648\U+0631\U+0627\U+062A \U+0627\U+0644\U+0645\U+064A\U+0627\U+0647
50
0
7
ARABIC
72
2
11
49080
21
10760
31
0.0
0
TEXT
8
A-ROOM-EN
10
49080
20
10430
30
0.0
40
160
1
CLIENT WC
50
0
7
ROMANS
72
2
11
49080
21
10430
31
0.0
0
TEXT
8
A-AREA
10
49080
20
10120
30
0.0
40
200
1
16.8 \U+0645\U+00B2
50
0
7
ARABIC
72
2
11
49080
21
10120
31
0.0
0
TEXT
8
A-AREA
10
49080
20
9810
30
0.0
40
190
1
4 \U+0648\U+062D\U+062F\U+0627\U+062A
50
0
7
ARABIC
72
2
11
49080
21
9810
31
0.0
0
LINE
8
A-PART
10
49400
20
4400
30
0.0
11
54600
21
4400
31
0.0
0
LINE
8
A-PART
10
49400
20
11400
30
0.0
11
54600
21
11400
31
0.0
0
LINE
8
A-PART
10
54600
20
4400
30
0.0
11
54600
21
11400
31
0.0
0
TEXT
8
A-ROOM-AR
10
54280
20
10760
30
0.0
40
260
1
\U+0627\U+0644\U+0645\U+0627\U+0646\U+064A\U+0643\U+064A\U+0631
50
0
7
ARABIC
72
2
11
54280
21
10760
31
0.0
0
TEXT
8
A-ROOM-EN
10
54280
20
10430
30
0.0
40
160
1
MANICURE
50
0
7
ROMANS
72
2
11
54280
21
10430
31
0.0
0
TEXT
8
A-AREA
10
54280
20
10120
30
0.0
40
200
1
36.4 \U+0645\U+00B2
50
0
7
ARABIC
72
2
11
54280
21
10120
31
0.0
0
TEXT
8
A-AREA
10
54280
20
9810
30
0.0
40
190
1
8 \U+0645\U+062D\U+0637\U+0627\U+062A
50
0
7
ARABIC
72
2
11
54280
21
9810
31
0.0
0
LINE
8
A-PART
10
54600
20
4400
30
0.0
11
58800
21
4400
31
0.0
0
LINE
8
A-PART
10
54600
20
11400
30
0.0
11
58800
21
11400
31
0.0
0
LINE
8
A-PART
10
58800
20
4400
30
0.0
11
58800
21
11400
31
0.0
0
TEXT
8
A-ROOM-AR
10
58480
20
10760
30
0.0
40
260
1
\U+0627\U+0644\U+0628\U+064A\U+062F\U+064A\U+0643\U+064A\U+0631
50
0
7
ARABIC
72
2
11
58480
21
10760
31
0.0
0
TEXT
8
A-ROOM-EN
10
58480
20
10430
30
0.0
40
160
1
PEDICURE
50
0
7
ROMANS
72
2
11
58480
21
10430
31
0.0
0
TEXT
8
A-AREA
10
58480
20
10120
30
0.0
40
200
1
29.4 \U+0645\U+00B2
50
0
7
ARABIC
72
2
11
58480
21
10120
31
0.0
0
TEXT
8
A-AREA
10
58480
20
9810
30
0.0
40
190
1
6 \U+0643\U+0631\U+0627\U+0633\U+064A
50
0
7
ARABIC
72
2
11
58480
21
9810
31
0.0
0
LINE
8
A-PART
10
58800
20
4400
30
0.0
11
60500
21
4400
31
0.0
0
LINE
8
A-PART
10
61400
20
4400
30
0.0
11
63000
21
4400
31
0.0
0
LINE
8
A-PART
10
58800
20
11400
30
0.0
11
63000
21
11400
31
0.0
0
LINE
8
A-PART
10
63000
20
4400
30
0.0
11
63000
21
11400
31
0.0
0
TEXT
8
A-ROOM-AR
10
62680
20
10760
30
0.0
40
260
1
\U+062C\U+0646\U+0627\U+062D \U+0627\U+0644\U+0639\U+0631\U+0627\U+064A\U+0633
50
0
7
ARABIC
72
2
11
62680
21
10760
31
0.0
0
TEXT
8
A-ROOM-EN
10
62680
20
10430
30
0.0
40
160
1
BRIDAL SUITE
50
0
7
ROMANS
72
2
11
62680
21
10430
31
0.0
0
TEXT
8
A-AREA
10
62680
20
10120
30
0.0
40
200
1
29.4 \U+0645\U+00B2
50
0
7
ARABIC
72
2
11
62680
21
10120
31
0.0
0
TEXT
8
A-AREA
10
62680
20
9810
30
0.0
40
190
1
\U+062C\U+0646\U+0627\U+062D
50
0
7
ARABIC
72
2
11
62680
21
9810
31
0.0
0
LINE
8
A-PART
10
63000
20
4400
30
0.0
11
65800
21
4400
31
0.0
0
LINE
8
A-PART
10
63000
20
11400
30
0.0
11
63900
21
11400
31
0.0
0
LINE
8
A-PART
10
64800
20
11400
30
0.0
11
65800
21
11400
31
0.0
0
LINE
8
A-PART
10
65800
20
4400
30
0.0
11
65800
21
11400
31
0.0
0
TEXT
8
A-ROOM-AR
10
65480
20
10760
30
0.0
40
260
1
\U+0627\U+0644\U+063A\U+0633\U+064A\U+0644
50
0
7
ARABIC
72
2
11
65480
21
10760
31
0.0
0
TEXT
8
A-ROOM-EN
10
65480
20
10430
30
0.0
40
160
1
LAUNDRY
50
0
7
ROMANS
72
2
11
65480
21
10430
31
0.0
0
TEXT
8
A-AREA
10
65480
20
10120
30
0.0
40
200
1
19.6 \U+0645\U+00B2
50
0
7
ARABIC
72
2
11
65480
21
10120
31
0.0
0
LINE
8
A-PART
10
36000
20
11400
30
0.0
11
63900
21
11400
31
0.0
0
LINE
8
A-PART
10
36000
20
13000
30
0.0
11
38000
21
13000
31
0.0
0
LINE
8
A-PART
10
38900
20
13000
30
0.0
11
41500
21
13000
31
0.0
0
LINE
8
A-PART
10
42400
20
13000
30
0.0
11
43800
21
13000
31
0.0
0
LINE
8
A-PART
10
44700
20
13000
30
0.0
11
46100
21
13000
31
0.0
0
LINE
8
A-PART
10
47000
20
13000
30
0.0
11
48300
21
13000
31
0.0
0
LINE
8
A-PART
10
49200
20
13000
30
0.0
11
50300
21
13000
31
0.0
0
LINE
8
A-PART
10
51200
20
13000
30
0.0
11
52800
21
13000
31
0.0
0
LINE
8
A-PART
10
53700
20
13000
30
0.0
11
56200
21
13000
31
0.0
0
LINE
8
A-PART
10
57100
20
13000
30
0.0
11
59300
21
13000
31
0.0
0
LINE
8
A-PART
10
60200
20
13000
30
0.0
11
62900
21
13000
31
0.0
0
LINE
8
A-PART
10
63800
20
13000
30
0.0
11
65800
21
13000
31
0.0
0
LINE
8
A-PART
10
36000
20
11400
30
0.0
11
36000
21
13000
31
0.0
0
LINE
8
A-PART
10
65800
20
11400
30
0.0
11
65800
21
13000
31
0.0
0
TEXT
8
A-ROOM-AR
10
65480
20
12090
30
0.0
40
240
1
\U+0627\U+0644\U+0645\U+0645\U+0631 \U+0627\U+0644\U+0639\U+0631\U+0636\U+064A
50
0
7
ARABIC
72
2
11
65480
21
12090
31
0.0
0
TEXT
8
A-AREA
10
61280
20
12090
30
0.0
40
200
1
47.68 \U+0645\U+00B2
50
0
7
ARABIC
72
2
11
61280
21
12090
31
0.0
0
LINE
8
A-PART
10
38900
20
13000
30
0.0
11
40600
21
13000
31
0.0
0
LINE
8
A-PART
10
36000
20
17700
30
0.0
11
40600
21
17700
31
0.0
0
LINE
8
A-PART
10
36000
20
13000
30
0.0
11
36000
21
17700
31
0.0
0
LINE
8
A-PART
10
40600
20
13000
30
0.0
11
40600
21
17700
31
0.0
0
TEXT
8
A-ROOM-AR
10
40280
20
17060
30
0.0
40
260
1
\U+0628\U+064A\U+062A \U+0627\U+0644\U+062F\U+0631\U+062C 1
50
0
7
ARABIC
72
2
11
40280
21
17060
31
0.0
0
TEXT
8
A-ROOM-EN
10
40280
20
16730
30
0.0
40
160
1
STAIR 01
50
0
7
ROMANS
72
2
11
40280
21
16730
31
0.0
0
TEXT
8
A-AREA
10
40280
20
16420
30
0.0
40
200
1
21.62 \U+0645\U+00B2
50
0
7
ARABIC
72
2
11
40280
21
16420
31
0.0
0
TEXT
8
A-AREA
10
40280
20
16110
30
0.0
40
190
1
21 \U+0642\U+0627\U+0626\U+0645\U+0629
50
0
7
ARABIC
72
2
11
40280
21
16110
31
0.0
0
LINE
8
A-PART
10
40600
20
13000
30
0.0
11
41500
21
13000
31
0.0
0
LINE
8
A-PART
10
47000
20
13000
30
0.0
11
47600
21
13000
31
0.0
0
LINE
8
A-PART
10
40600
20
17700
30
0.0
11
47600
21
17700
31
0.0
0
LINE
8
A-PART
10
47600
20
13000
30
0.0
11
47600
21
17700
31
0.0
0
TEXT
8
A-ROOM-AR
10
47280
20
17060
30
0.0
40
260
1
\U+0643\U+0627\U+0628\U+064A\U+0646\U+0627\U+062A \U+0627\U+0644\U+0628\U+0634\U+0631\U+0629
50
0
7
ARABIC
72
2
11
47280
21
17060
31
0.0
0
TEXT
8
A-ROOM-EN
10
47280
20
16730
30
0.0
40
160
1
FACIAL CABINS
50
0
7
ROMANS
72
2
11
47280
21
16730
31
0.0
0
TEXT
8
A-AREA
10
47280
20
16420
30
0.0
40
200
1
32.9 \U+0645\U+00B2
50
0
7
ARABIC
72
2
11
47280
21
16420
31
0.0
0
TEXT
8
A-AREA
10
47280
20
16110
30
0.0
40
190
1
3 \U+0643\U+0627\U+0628\U+064A\U+0646\U+0627\U+062A
50
0
7
ARABIC
72
2
11
47280
21
16110
31
0.0
0
LINE
8
A-PART
10
47600
20
13000
30
0.0
11
48300
21
13000
31
0.0
0
LINE
8
A-PART
10
51200
20
13000
30
0.0
11
51600
21
13000
31
0.0
0
LINE
8
A-PART
10
47600
20
17700
30
0.0
11
51600
21
17700
31
0.0
0
LINE
8
A-PART
10
51600
20
13000
30
0.0
11
51600
21
17700
31
0.0
0
TEXT
8
A-ROOM-AR
10
51280
20
17060
30
0.0
40
260
1
\U+0625\U+0632\U+0627\U+0644\U+0629 \U+0627\U+0644\U+0634\U+0639\U+0631
50
0
7
ARABIC
72
2
11
51280
21
17060
31
0.0
0
TEXT
8
A-ROOM-EN
10
51280
20
16730
30
0.0
40
160
1
WAXING CABINS
50
0
7
ROMANS
72
2
11
51280
21
16730
31
0.0
0
TEXT
8
A-AREA
10
51280
20
16420
30
0.0
40
200
1
18.8 \U+0645\U+00B2
50
0
7
ARABIC
72
2
11
51280
21
16420
31
0.0
0
TEXT
8
A-AREA
10
51280
20
16110
30
0.0
40
190
1
\U+0643\U+0627\U+0628\U+064A\U+0646\U+062A\U+0627\U+0646
50
0
7
ARABIC
72
2
11
51280
21
16110
31
0.0
0
LINE
8
A-PART
10
51600
20
13000
30
0.0
11
52800
21
13000
31
0.0
0
LINE
8
A-PART
10
53700
20
13000
30
0.0
11
55000
21
13000
31
0.0
0
LINE
8
A-PART
10
51600
20
17700
30
0.0
11
55000
21
17700
31
0.0
0
LINE
8
A-PART
10
55000
20
13000
30
0.0
11
55000
21
17700
31
0.0
0
TEXT
8
A-ROOM-AR
10
54680
20
17060
30
0.0
40
260
1
\U+0643\U+0627\U+0628\U+064A\U+0646\U+0629 \U+0627\U+0644\U+0644\U+064A\U+0632\U+0631
50
0
7
ARABIC
72
2
11
54680
21
17060
31
0.0
0
TEXT
8
A-ROOM-EN
10
54680
20
16730
30
0.0
40
160
1
LASER CABIN
50
0
7
ROMANS
72
2
11
54680
21
16730
31
0.0
0
TEXT
8
A-AREA
10
54680
20
16420
30
0.0
40
200
1
15.98 \U+0645\U+00B2
50
0
7
ARABIC
72
2
11
54680
21
16420
31
0.0
0
TEXT
8
A-AREA
10
54680
20
16110
30
0.0
40
190
1
\U+0643\U+0627\U+0628\U+064A\U+0646\U+0629
50
0
7
ARABIC
72
2
11
54680
21
16110
31
0.0
0
LINE
8
A-PART
10
55000
20
13000
30
0.0
11
56200
21
13000
31
0.0
0
LINE
8
A-PART
10
57100
20
13000
30
0.0
11
58400
21
13000
31
0.0
0
LINE
8
A-PART
10
55000
20
17700
30
0.0
11
58400
21
17700
31
0.0
0
LINE
8
A-PART
10
58400
20
13000
30
0.0
11
58400
21
17700
31
0.0
0
TEXT
8
A-ROOM-AR
10
58080
20
17060
30
0.0
40
260
1
\U+063A\U+0631\U+0641\U+0629 \U+0627\U+0644\U+0645\U+0633\U+0627\U+062C
50
0
7
ARABIC
72
2
11
58080
21
17060
31
0.0
0
TEXT
8
A-ROOM-EN
10
58080
20
16730
30
0.0
40
160
1
MASSAGE
50
0
7
ROMANS
72
2
11
58080
21
16730
31
0.0
0
TEXT
8
A-AREA
10
58080
20
16420
30
0.0
40
200
1
15.98 \U+0645\U+00B2
50
0
7
ARABIC
72
2
11
58080
21
16420
31
0.0
0
TEXT
8
A-AREA
10
58080
20
16110
30
0.0
40
190
1
\U+063A\U+0631\U+0641\U+0629
50
0
7
ARABIC
72
2
11
58080
21
16110
31
0.0
0
LINE
8
A-PART
10
58400
20
13000
30
0.0
11
59300
21
13000
31
0.0
0
LINE
8
A-PART
10
60200
20
13000
30
0.0
11
61200
21
13000
31
0.0
0
LINE
8
A-PART
10
58400
20
17700
30
0.0
11
61200
21
17700
31
0.0
0
LINE
8
A-PART
10
61200
20
13000
30
0.0
11
61200
21
17700
31
0.0
0
TEXT
8
A-ROOM-AR
10
60880
20
17060
30
0.0
40
260
1
\U+0627\U+0644\U+0645\U+062E\U+0632\U+0646 \U+0648\U+0627\U+0644\U+0637\U+0627\U+0642\U+0645
50
0
7
ARABIC
72
2
11
60880
21
17060
31
0.0
0
TEXT
8
A-ROOM-EN
10
60880
20
16730
30
0.0
40
160
1
STORE / STAFF
50
0
7
ROMANS
72
2
11
60880
21
16730
31
0.0
0
TEXT
8
A-AREA
10
60880
20
16420
30
0.0
40
200
1
13.16 \U+0645\U+00B2
50
0
7
ARABIC
72
2
11
60880
21
16420
31
0.0
0
LINE
8
A-PART
10
61200
20
13000
30
0.0
11
62900
21
13000
31
0.0
0
LINE
8
A-PART
10
61200
20
17700
30
0.0
11
65800
21
17700
31
0.0
0
LINE
8
A-PART
10
65800
20
13000
30
0.0
11
65800
21
17700
31
0.0
0
TEXT
8
A-ROOM-AR
10
65480
20
17060
30
0.0
40
260
1
\U+0628\U+064A\U+062A \U+0627\U+0644\U+062F\U+0631\U+062C 2
50
0
7
ARABIC
72
2
11
65480
21
17060
31
0.0
0
TEXT
8
A-ROOM-EN
10
65480
20
16730
30
0.0
40
160
1
STAIR 02
50
0
7
ROMANS
72
2
11
65480
21
16730
31
0.0
0
TEXT
8
A-AREA
10
65480
20
16420
30
0.0
40
200
1
21.62 \U+0645\U+00B2
50
0
7
ARABIC
72
2
11
65480
21
16420
31
0.0
0
TEXT
8
A-AREA
10
65480
20
16110
30
0.0
40
190
1
21 \U+0642\U+0627\U+0626\U+0645\U+0629
50
0
7
ARABIC
72
2
11
65480
21
16110
31
0.0
0
LINE
8
A-DOOR
10
38000
20
13000
30
0.0
11
38000
21
12100
31
0.0
0
ARC
8
A-DOOR
10
38000
20
13000
30
0.0
40
900
50
270
51
360
0
LINE
8
A-DOOR
10
62900
20
13000
30
0.0
11
62900
21
12100
31
0.0
0
ARC
8
A-DOOR
10
62900
20
13000
30
0.0
40
900
50
270
51
360
0
LINE
8
A-DOOR
10
41500
20
13000
30
0.0
11
41500
21
13900
31
0.0
0
ARC
8
A-DOOR
10
41500
20
13000
30
0.0
40
900
50
0
51
90
0
LINE
8
A-DOOR
10
43800
20
13000
30
0.0
11
43800
21
13900
31
0.0
0
ARC
8
A-DOOR
10
43800
20
13000
30
0.0
40
900
50
0
51
90
0
LINE
8
A-DOOR
10
46100
20
13000
30
0.0
11
46100
21
13900
31
0.0
0
ARC
8
A-DOOR
10
46100
20
13000
30
0.0
40
900
50
0
51
90
0
LINE
8
A-DOOR
10
48300
20
13000
30
0.0
11
48300
21
13900
31
0.0
0
ARC
8
A-DOOR
10
48300
20
13000
30
0.0
40
900
50
0
51
90
0
LINE
8
A-DOOR
10
50300
20
13000
30
0.0
11
50300
21
13900
31
0.0
0
ARC
8
A-DOOR
10
50300
20
13000
30
0.0
40
900
50
0
51
90
0
LINE
8
A-DOOR
10
52800
20
13000
30
0.0
11
52800
21
13900
31
0.0
0
ARC
8
A-DOOR
10
52800
20
13000
30
0.0
40
900
50
0
51
90
0
LINE
8
A-DOOR
10
56200
20
13000
30
0.0
11
56200
21
13900
31
0.0
0
ARC
8
A-DOOR
10
56200
20
13000
30
0.0
40
900
50
0
51
90
0
LINE
8
A-DOOR
10
59300
20
13000
30
0.0
11
59300
21
13900
31
0.0
0
ARC
8
A-DOOR
10
59300
20
13000
30
0.0
40
900
50
0
51
90
0
LINE
8
A-DOOR
10
47900
20
4400
30
0.0
11
47900
21
5300
31
0.0
0
ARC
8
A-DOOR
10
47900
20
4400
30
0.0
40
900
50
0
51
90
0
LINE
8
A-DOOR
10
60500
20
4400
30
0.0
11
60500
21
5300
31
0.0
0
ARC
8
A-DOOR
10
60500
20
4400
30
0.0
40
900
50
0
51
90
0
LINE
8
A-DOOR
10
63900
20
11400
30
0.0
11
63900
21
10500
31
0.0
0
ARC
8
A-DOOR
10
63900
20
11400
30
0.0
40
900
50
270
51
360
0
LINE
8
A-VOID
10
36000
20
0
30
0.0
11
65800
21
0
31
0.0
0
LINE
8
A-VOID
10
65800
20
0
30
0.0
11
65800
21
3200
31
0.0
0
LINE
8
A-VOID
10
65800
20
3200
30
0.0
11
36000
21
3200
31
0.0
0
LINE
8
A-VOID
10
36000
20
3200
30
0.0
11
36000
21
0
31
0.0
0
LINE
8
A-RAIL
10
36000
20
3200
30
0.0
11
65800
21
3200
31
0.0
0
LINE
8
A-RAIL
10
36000
20
3300
30
0.0
11
65800
21
3300
31
0.0
0
TEXT
8
A-ROOM-AR
10
56000
20
1500
30
0.0
40
300
1
\U+0641\U+0631\U+0627\U+063A \U+0645\U+0641\U+062A\U+0648\U+062D \U+0639\U+0644\U+0649 \U+0627\U+0644\U+0637\U+0627\U+0628\U+0642 \U+0627\U+0644\U+0623\U+0631\U+0636\U+064A
50
0
7
ARABIC
72
2
11
56000
21
1500
31
0.0
0
LINE
8
A-FURN
10
37560
20
5100
30
0.0
11
37560
21
5700
31
0.0
0
LINE
8
A-FURN
10
37560
20
5700
30
0.0
11
37260
21
5700
31
0.0
0
LINE
8
A-FURN
10
37260
20
5700
30
0.0
11
37260
21
5100
31
0.0
0
LINE
8
A-FURN
10
37260
20
5100
30
0.0
11
37560
21
5100
31
0.0
0
LINE
8
A-FURN
10
37410
20
5100
30
0.0
11
37410
21
5700
31
0.0
0
LINE
8
A-EQIP
10
37610
20
5080
30
0.0
11
37610
21
5720
31
0.0
0
LINE
8
A-EQIP
10
37610
20
5720
30
0.0
11
37560
21
5720
31
0.0
0
LINE
8
A-EQIP
10
37560
20
5720
30
0.0
11
37560
21
5080
31
0.0
0
LINE
8
A-EQIP
10
37560
20
5080
30
0.0
11
37610
21
5080
31
0.0
0
LINE
8
A-EQIP
10
37610
20
5080
30
0.0
11
37560
21
5720
31
0.0
0
CIRCLE
8
A-FURN
10
36940
20
5400
30
0.0
40
240
0
CIRCLE
8
A-FURN
10
36940
20
5400
30
0.0
40
70
0
ARC
8
A-FURN
10
36940
20
5400
30
0.0
40
330
50
290
51
430
0
LINE
8
A-FURN
10
37560
20
6650
30
0.0
11
37560
21
7250
31
0.0
0
LINE
8
A-FURN
10
37560
20
7250
30
0.0
11
37260
21
7250
31
0.0
0
LINE
8
A-FURN
10
37260
20
7250
30
0.0
11
37260
21
6650
31
0.0
0
LINE
8
A-FURN
10
37260
20
6650
30
0.0
11
37560
21
6650
31
0.0
0
LINE
8
A-FURN
10
37410
20
6650
30
0.0
11
37410
21
7250
31
0.0
0
LINE
8
A-EQIP
10
37610
20
6630
30
0.0
11
37610
21
7270
31
0.0
0
LINE
8
A-EQIP
10
37610
20
7270
30
0.0
11
37560
21
7270
31
0.0
0
LINE
8
A-EQIP
10
37560
20
7270
30
0.0
11
37560
21
6630
31
0.0
0
LINE
8
A-EQIP
10
37560
20
6630
30
0.0
11
37610
21
6630
31
0.0
0
LINE
8
A-EQIP
10
37610
20
6630
30
0.0
11
37560
21
7270
31
0.0
0
CIRCLE
8
A-FURN
10
36940
20
6950
30
0.0
40
240
0
CIRCLE
8
A-FURN
10
36940
20
6950
30
0.0
40
70
0
ARC
8
A-FURN
10
36940
20
6950
30
0.0
40
330
50
290
51
430
0
LINE
8
A-FURN
10
37560
20
8200
30
0.0
11
37560
21
8800
31
0.0
0
LINE
8
A-FURN
10
37560
20
8800
30
0.0
11
37260
21
8800
31
0.0
0
LINE
8
A-FURN
10
37260
20
8800
30
0.0
11
37260
21
8200
31
0.0
0
LINE
8
A-FURN
10
37260
20
8200
30
0.0
11
37560
21
8200
31
0.0
0
LINE
8
A-FURN
10
37410
20
8200
30
0.0
11
37410
21
8800
31
0.0
0
LINE
8
A-EQIP
10
37610
20
8180
30
0.0
11
37610
21
8820
31
0.0
0
LINE
8
A-EQIP
10
37610
20
8820
30
0.0
11
37560
21
8820
31
0.0
0
LINE
8
A-EQIP
10
37560
20
8820
30
0.0
11
37560
21
8180
31
0.0
0
LINE
8
A-EQIP
10
37560
20
8180
30
0.0
11
37610
21
8180
31
0.0
0
LINE
8
A-EQIP
10
37610
20
8180
30
0.0
11
37560
21
8820
31
0.0
0
CIRCLE
8
A-FURN
10
36940
20
8500
30
0.0
40
240
0
CIRCLE
8
A-FURN
10
36940
20
8500
30
0.0
40
70
0
ARC
8
A-FURN
10
36940
20
8500
30
0.0
40
330
50
290
51
430
0
LINE
8
A-FURN
10
37560
20
9750
30
0.0
11
37560
21
10350
31
0.0
0
LINE
8
A-FURN
10
37560
20
10350
30
0.0
11
37260
21
10350
31
0.0
0
LINE
8
A-FURN
10
37260
20
10350
30
0.0
11
37260
21
9750
31
0.0
0
LINE
8
A-FURN
10
37260
20
9750
30
0.0
11
37560
21
9750
31
0.0
0
LINE
8
A-FURN
10
37410
20
9750
30
0.0
11
37410
21
10350
31
0.0
0
LINE
8
A-EQIP
10
37610
20
9730
30
0.0
11
37610
21
10370
31
0.0
0
LINE
8
A-EQIP
10
37610
20
10370
30
0.0
11
37560
21
10370
31
0.0
0
LINE
8
A-EQIP
10
37560
20
10370
30
0.0
11
37560
21
9730
31
0.0
0
LINE
8
A-EQIP
10
37560
20
9730
30
0.0
11
37610
21
9730
31
0.0
0
LINE
8
A-EQIP
10
37610
20
9730
30
0.0
11
37560
21
10370
31
0.0
0
CIRCLE
8
A-FURN
10
36940
20
10050
30
0.0
40
240
0
CIRCLE
8
A-FURN
10
36940
20
10050
30
0.0
40
70
0
ARC
8
A-FURN
10
36940
20
10050
30
0.0
40
330
50
290
51
430
0
LINE
8
A-FURN
10
40340
20
6500
30
0.0
11
40340
21
5900
31
0.0
0
LINE
8
A-FURN
10
40340
20
5900
30
0.0
11
40640
21
5900
31
0.0
0
LINE
8
A-FURN
10
40640
20
5900
30
0.0
11
40640
21
6500
31
0.0
0
LINE
8
A-FURN
10
40640
20
6500
30
0.0
11
40340
21
6500
31
0.0
0
LINE
8
A-FURN
10
40490
20
6500
30
0.0
11
40490
21
5900
31
0.0
0
LINE
8
A-EQIP
10
40290
20
6520
30
0.0
11
40290
21
5880
31
0.0
0
LINE
8
A-EQIP
10
40290
20
5880
30
0.0
11
40340
21
5880
31
0.0
0
LINE
8
A-EQIP
10
40340
20
5880
30
0.0
11
40340
21
6520
31
0.0
0
LINE
8
A-EQIP
10
40340
20
6520
30
0.0
11
40290
21
6520
31
0.0
0
LINE
8
A-EQIP
10
40290
20
6520
30
0.0
11
40340
21
5880
31
0.0
0
CIRCLE
8
A-FURN
10
40960
20
6200
30
0.0
40
240
0
CIRCLE
8
A-FURN
10
40960
20
6200
30
0.0
40
70
0
ARC
8
A-FURN
10
40960
20
6200
30
0.0
40
330
50
470
51
610
0
LINE
8
A-FURN
10
40340
20
8400
30
0.0
11
40340
21
7800
31
0.0
0
LINE
8
A-FURN
10
40340
20
7800
30
0.0
11
40640
21
7800
31
0.0
0
LINE
8
A-FURN
10
40640
20
7800
30
0.0
11
40640
21
8400
31
0.0
0
LINE
8
A-FURN
10
40640
20
8400
30
0.0
11
40340
21
8400
31
0.0
0
LINE
8
A-FURN
10
40490
20
8400
30
0.0
11
40490
21
7800
31
0.0
0
LINE
8
A-EQIP
10
40290
20
8420
30
0.0
11
40290
21
7780
31
0.0
0
LINE
8
A-EQIP
10
40290
20
7780
30
0.0
11
40340
21
7780
31
0.0
0
LINE
8
A-EQIP
10
40340
20
7780
30
0.0
11
40340
21
8420
31
0.0
0
LINE
8
A-EQIP
10
40340
20
8420
30
0.0
11
40290
21
8420
31
0.0
0
LINE
8
A-EQIP
10
40290
20
8420
30
0.0
11
40340
21
7780
31
0.0
0
CIRCLE
8
A-FURN
10
40960
20
8100
30
0.0
40
240
0
CIRCLE
8
A-FURN
10
40960
20
8100
30
0.0
40
70
0
ARC
8
A-FURN
10
40960
20
8100
30
0.0
40
330
50
470
51
610
0
LINE
8
A-FURN
10
40340
20
10300
30
0.0
11
40340
21
9700
31
0.0
0
LINE
8
A-FURN
10
40340
20
9700
30
0.0
11
40640
21
9700
31
0.0
0
LINE
8
A-FURN
10
40640
20
9700
30
0.0
11
40640
21
10300
31
0.0
0
LINE
8
A-FURN
10
40640
20
10300
30
0.0
11
40340
21
10300
31
0.0
0
LINE
8
A-FURN
10
40490
20
10300
30
0.0
11
40490
21
9700
31
0.0
0
LINE
8
A-EQIP
10
40290
20
10320
30
0.0
11
40290
21
9680
31
0.0
0
LINE
8
A-EQIP
10
40290
20
9680
30
0.0
11
40340
21
9680
31
0.0
0
LINE
8
A-EQIP
10
40340
20
9680
30
0.0
11
40340
21
10320
31
0.0
0
LINE
8
A-EQIP
10
40340
20
10320
30
0.0
11
40290
21
10320
31
0.0
0
LINE
8
A-EQIP
10
40290
20
10320
30
0.0
11
40340
21
9680
31
0.0
0
CIRCLE
8
A-FURN
10
40960
20
10000
30
0.0
40
240
0
CIRCLE
8
A-FURN
10
40960
20
10000
30
0.0
40
70
0
ARC
8
A-FURN
10
40960
20
10000
30
0.0
40
330
50
470
51
610
0
LINE
8
A-FURN
10
43650
20
5200
30
0.0
11
44350
21
5200
31
0.0
0
LINE
8
A-FURN
10
44350
20
5200
30
0.0
11
44350
21
7000
31
0.0
0
LINE
8
A-FURN
10
44350
20
7000
30
0.0
11
43650
21
7000
31
0.0
0
LINE
8
A-FURN
10
43650
20
7000
30
0.0
11
43650
21
5200
31
0.0
0
LINE
8
A-FURN
10
43650
20
6620
30
0.0
11
44350
21
6620
31
0.0
0
ARC
8
A-FURN
10
44000
20
6860
30
0.0
40
200
50
0
51
180
0
CIRCLE
8
A-FURN
10
44000
20
4980
30
0.0
40
180
0
CIRCLE
8
A-EQIP
10
44520
20
6800
30
0.0
40
150
0
LINE
8
A-EQIP
10
44380
20
6800
30
0.0
11
44520
21
6800
31
0.0
0
LINE
8
A-FURN
10
43650
20
7500
30
0.0
11
44350
21
7500
31
0.0
0
LINE
8
A-FURN
10
44350
20
7500
30
0.0
11
44350
21
9300
31
0.0
0
LINE
8
A-FURN
10
44350
20
9300
30
0.0
11
43650
21
9300
31
0.0
0
LINE
8
A-FURN
10
43650
20
9300
30
0.0
11
43650
21
7500
31
0.0
0
LINE
8
A-FURN
10
43650
20
8920
30
0.0
11
44350
21
8920
31
0.0
0
ARC
8
A-FURN
10
44000
20
9160
30
0.0
40
200
50
0
51
180
0
CIRCLE
8
A-FURN
10
44000
20
7280
30
0.0
40
180
0
CIRCLE
8
A-EQIP
10
44520
20
9100
30
0.0
40
150
0
LINE
8
A-EQIP
10
44380
20
9100
30
0.0
11
44520
21
9100
31
0.0
0
LINE
8
A-FURN
10
45750
20
5900
30
0.0
11
46450
21
5900
31
0.0
0
LINE
8
A-FURN
10
46450
20
5900
30
0.0
11
46450
21
7700
31
0.0
0
LINE
8
A-FURN
10
46450
20
7700
30
0.0
11
45750
21
7700
31
0.0
0
LINE
8
A-FURN
10
45750
20
7700
30
0.0
11
45750
21
5900
31
0.0
0
LINE
8
A-FURN
10
45750
20
7320
30
0.0
11
46450
21
7320
31
0.0
0
ARC
8
A-FURN
10
46100
20
7560
30
0.0
40
200
50
0
51
180
0
CIRCLE
8
A-FURN
10
46100
20
5680
30
0.0
40
180
0
CIRCLE
8
A-EQIP
10
46620
20
7500
30
0.0
40
150
0
LINE
8
A-EQIP
10
46480
20
7500
30
0.0
11
46620
21
7500
31
0.0
0
LINE
8
A-FURN
10
45750
20
8200
30
0.0
11
46450
21
8200
31
0.0
0
LINE
8
A-FURN
10
46450
20
8200
30
0.0
11
46450
21
10000
31
0.0
0
LINE
8
A-FURN
10
46450
20
10000
30
0.0
11
45750
21
10000
31
0.0
0
LINE
8
A-FURN
10
45750
20
10000
30
0.0
11
45750
21
8200
31
0.0
0
LINE
8
A-FURN
10
45750
20
9620
30
0.0
11
46450
21
9620
31
0.0
0
ARC
8
A-FURN
10
46100
20
9860
30
0.0
40
200
50
0
51
180
0
CIRCLE
8
A-FURN
10
46100
20
7980
30
0.0
40
180
0
CIRCLE
8
A-EQIP
10
46620
20
9800
30
0.0
40
150
0
LINE
8
A-EQIP
10
46480
20
9800
30
0.0
11
46620
21
9800
31
0.0
0
LINE
8
A-PART
10
47200
20
4900
30
0.0
11
48300
21
4900
31
0.0
0
LINE
8
A-PART
10
47200
20
6100
30
0.0
11
48300
21
6100
31
0.0
0
LINE
8
A-PART
10
47200
20
4900
30
0.0
11
47200
21
6100
31
0.0
0
LINE
8
A-PART
10
48300
20
4900
30
0.0
11
48300
21
5150
31
0.0
0
LINE
8
A-PART
10
48300
20
5850
30
0.0
11
48300
21
6100
31
0.0
0
LINE
8
A-EQIP
10
47920
20
5320
30
0.0
11
47920
21
5720
31
0.0
0
LINE
8
A-EQIP
10
47920
20
5720
30
0.0
11
47740
21
5720
31
0.0
0
LINE
8
A-EQIP
10
47740
20
5720
30
0.0
11
47740
21
5320
31
0.0
0
LINE
8
A-EQIP
10
47740
20
5320
30
0.0
11
47920
21
5320
31
0.0
0
ARC
8
A-EQIP
10
47660
20
5520
30
0.0
40
185
50
270
51
450
0
ARC
8
A-EQIP
10
47470
20
5520
30
0.0
40
185
50
90
51
270
0
LINE
8
A-EQIP
10
47660
20
5335
30
0.0
11
47470
21
5335
31
0.0
0
LINE
8
A-EQIP
10
47660
20
5705
30
0.0
11
47470
21
5705
31
0.0
0
LINE
8
A-PART
10
47200
20
6400
30
0.0
11
48300
21
6400
31
0.0
0
LINE
8
A-PART
10
47200
20
7600
30
0.0
11
48300
21
7600
31
0.0
0
LINE
8
A-PART
10
47200
20
6400
30
0.0
11
47200
21
7600
31
0.0
0
LINE
8
A-PART
10
48300
20
6400
30
0.0
11
48300
21
6650
31
0.0
0
LINE
8
A-PART
10
48300
20
7350
30
0.0
11
48300
21
7600
31
0.0
0
LINE
8
A-EQIP
10
47920
20
6820
30
0.0
11
47920
21
7220
31
0.0
0
LINE
8
A-EQIP
10
47920
20
7220
30
0.0
11
47740
21
7220
31
0.0
0
LINE
8
A-EQIP
10
47740
20
7220
30
0.0
11
47740
21
6820
31
0.0
0
LINE
8
A-EQIP
10
47740
20
6820
30
0.0
11
47920
21
6820
31
0.0
0
ARC
8
A-EQIP
10
47660
20
7020
30
0.0
40
185
50
270
51
450
0
ARC
8
A-EQIP
10
47470
20
7020
30
0.0
40
185
50
90
51
270
0
LINE
8
A-EQIP
10
47660
20
6835
30
0.0
11
47470
21
6835
31
0.0
0
LINE
8
A-EQIP
10
47660
20
7205
30
0.0
11
47470
21
7205
31
0.0
0
LINE
8
A-PART
10
47200
20
7900
30
0.0
11
48300
21
7900
31
0.0
0
LINE
8
A-PART
10
47200
20
9100
30
0.0
11
48300
21
9100
31
0.0
0
LINE
8
A-PART
10
47200
20
7900
30
0.0
11
47200
21
9100
31
0.0
0
LINE
8
A-PART
10
48300
20
7900
30
0.0
11
48300
21
8150
31
0.0
0
LINE
8
A-PART
10
48300
20
8850
30
0.0
11
48300
21
9100
31
0.0
0
LINE
8
A-EQIP
10
47920
20
8320
30
0.0
11
47920
21
8720
31
0.0
0
LINE
8
A-EQIP
10
47920
20
8720
30
0.0
11
47740
21
8720
31
0.0
0
LINE
8
A-EQIP
10
47740
20
8720
30
0.0
11
47740
21
8320
31
0.0
0
LINE
8
A-EQIP
10
47740
20
8320
30
0.0
11
47920
21
8320
31
0.0
0
ARC
8
A-EQIP
10
47660
20
8520
30
0.0
40
185
50
270
51
450
0
ARC
8
A-EQIP
10
47470
20
8520
30
0.0
40
185
50
90
51
270
0
LINE
8
A-EQIP
10
47660
20
8335
30
0.0
11
47470
21
8335
31
0.0
0
LINE
8
A-EQIP
10
47660
20
8705
30
0.0
11
47470
21
8705
31
0.0
0
LINE
8
A-PART
10
47200
20
9400
30
0.0
11
48300
21
9400
31
0.0
0
LINE
8
A-PART
10
47200
20
10600
30
0.0
11
48300
21
10600
31
0.0
0
LINE
8
A-PART
10
47200
20
9400
30
0.0
11
47200
21
10600
31
0.0
0
LINE
8
A-PART
10
48300
20
9400
30
0.0
11
48300
21
9650
31
0.0
0
LINE
8
A-PART
10
48300
20
10350
30
0.0
11
48300
21
10600
31
0.0
0
LINE
8
A-EQIP
10
47920
20
9820
30
0.0
11
47920
21
10220
31
0.0
0
LINE
8
A-EQIP
10
47920
20
10220
30
0.0
11
47740
21
10220
31
0.0
0
LINE
8
A-EQIP
10
47740
20
10220
30
0.0
11
47740
21
9820
31
0.0
0
LINE
8
A-EQIP
10
47740
20
9820
30
0.0
11
47920
21
9820
31
0.0
0
ARC
8
A-EQIP
10
47660
20
10020
30
0.0
40
185
50
270
51
450
0
ARC
8
A-EQIP
10
47470
20
10020
30
0.0
40
185
50
90
51
270
0
LINE
8
A-EQIP
10
47660
20
9835
30
0.0
11
47470
21
9835
31
0.0
0
LINE
8
A-EQIP
10
47660
20
10205
30
0.0
11
47470
21
10205
31
0.0
0
LINE
8
A-EQIP
10
48700
20
11350
30
0.0
11
48700
21
10650
31
0.0
0
LINE
8
A-EQIP
10
48700
20
10650
30
0.0
11
49200
21
10650
31
0.0
0
LINE
8
A-EQIP
10
49200
20
10650
30
0.0
11
49200
21
11350
31
0.0
0
LINE
8
A-EQIP
10
49200
20
11350
30
0.0
11
48700
21
11350
31
0.0
0
CIRCLE
8
A-EQIP
10
48950
20
11000
30
0.0
40
205
0
CIRCLE
8
A-EQIP
10
48950
20
11000
30
0.0
40
55
0
CIRCLE
8
A-EQIP
10
48770
20
11000
30
0.0
40
45
0
LINE
8
A-FURN
10
50650
20
5050
30
0.0
11
50650
21
5950
31
0.0
0
LINE
8
A-FURN
10
50650
20
5950
30
0.0
11
50150
21
5950
31
0.0
0
LINE
8
A-FURN
10
50150
20
5950
30
0.0
11
50150
21
5050
31
0.0
0
LINE
8
A-FURN
10
50150
20
5050
30
0.0
11
50650
21
5050
31
0.0
0
LINE
8
A-FURN
10
50480
20
5050
30
0.0
11
50480
21
5950
31
0.0
0
LINE
8
A-FURN
10
50320
20
5050
30
0.0
11
50320
21
5950
31
0.0
0
CIRCLE
8
A-EQIP
10
50400
20
5830
30
0.0
40
110
0
CIRCLE
8
A-FURN
10
50400
20
4780
30
0.0
40
200
0
ARC
8
A-FURN
10
50400
20
4780
30
0.0
40
285
50
200
51
340
0
CIRCLE
8
A-FURN
10
50400
20
6220
30
0.0
40
190
0
ARC
8
A-FURN
10
50400
20
6220
30
0.0
40
275
50
380
51
160
0
LINE
8
A-FURN
10
53850
20
5050
30
0.0
11
53850
21
5950
31
0.0
0
LINE
8
A-FURN
10
53850
20
5950
30
0.0
11
53350
21
5950
31
0.0
0
LINE
8
A-FURN
10
53350
20
5950
30
0.0
11
53350
21
5050
31
0.0
0
LINE
8
A-FURN
10
53350
20
5050
30
0.0
11
53850
21
5050
31
0.0
0
LINE
8
A-FURN
10
53680
20
5050
30
0.0
11
53680
21
5950
31
0.0
0
LINE
8
A-FURN
10
53520
20
5050
30
0.0
11
53520
21
5950
31
0.0
0
CIRCLE
8
A-EQIP
10
53600
20
5830
30
0.0
40
110
0
CIRCLE
8
A-FURN
10
53600
20
4780
30
0.0
40
200
0
ARC
8
A-FURN
10
53600
20
4780
30
0.0
40
285
50
200
51
340
0
CIRCLE
8
A-FURN
10
53600
20
6220
30
0.0
40
190
0
ARC
8
A-FURN
10
53600
20
6220
30
0.0
40
275
50
380
51
160
0
LINE
8
A-FURN
10
50650
20
6550
30
0.0
11
50650
21
7450
31
0.0
0
LINE
8
A-FURN
10
50650
20
7450
30
0.0
11
50150
21
7450
31
0.0
0
LINE
8
A-FURN
10
50150
20
7450
30
0.0
11
50150
21
6550
31
0.0
0
LINE
8
A-FURN
10
50150
20
6550
30
0.0
11
50650
21
6550
31
0.0
0
LINE
8
A-FURN
10
50480
20
6550
30
0.0
11
50480
21
7450
31
0.0
0
LINE
8
A-FURN
10
50320
20
6550
30
0.0
11
50320
21
7450
31
0.0
0
CIRCLE
8
A-EQIP
10
50400
20
7330
30
0.0
40
110
0
CIRCLE
8
A-FURN
10
50400
20
6280
30
0.0
40
200
0
ARC
8
A-FURN
10
50400
20
6280
30
0.0
40
285
50
200
51
340
0
CIRCLE
8
A-FURN
10
50400
20
7720
30
0.0
40
190
0
ARC
8
A-FURN
10
50400
20
7720
30
0.0
40
275
50
380
51
160
0
LINE
8
A-FURN
10
53850
20
6550
30
0.0
11
53850
21
7450
31
0.0
0
LINE
8
A-FURN
10
53850
20
7450
30
0.0
11
53350
21
7450
31
0.0
0
LINE
8
A-FURN
10
53350
20
7450
30
0.0
11
53350
21
6550
31
0.0
0
LINE
8
A-FURN
10
53350
20
6550
30
0.0
11
53850
21
6550
31
0.0
0
LINE
8
A-FURN
10
53680
20
6550
30
0.0
11
53680
21
7450
31
0.0
0
LINE
8
A-FURN
10
53520
20
6550
30
0.0
11
53520
21
7450
31
0.0
0
CIRCLE
8
A-EQIP
10
53600
20
7330
30
0.0
40
110
0
CIRCLE
8
A-FURN
10
53600
20
6280
30
0.0
40
200
0
ARC
8
A-FURN
10
53600
20
6280
30
0.0
40
285
50
200
51
340
0
CIRCLE
8
A-FURN
10
53600
20
7720
30
0.0
40
190
0
ARC
8
A-FURN
10
53600
20
7720
30
0.0
40
275
50
380
51
160
0
LINE
8
A-FURN
10
50650
20
8050
30
0.0
11
50650
21
8950
31
0.0
0
LINE
8
A-FURN
10
50650
20
8950
30
0.0
11
50150
21
8950
31
0.0
0
LINE
8
A-FURN
10
50150
20
8950
30
0.0
11
50150
21
8050
31
0.0
0
LINE
8
A-FURN
10
50150
20
8050
30
0.0
11
50650
21
8050
31
0.0
0
LINE
8
A-FURN
10
50480
20
8050
30
0.0
11
50480
21
8950
31
0.0
0
LINE
8
A-FURN
10
50320
20
8050
30
0.0
11
50320
21
8950
31
0.0
0
CIRCLE
8
A-EQIP
10
50400
20
8830
30
0.0
40
110
0
CIRCLE
8
A-FURN
10
50400
20
7780
30
0.0
40
200
0
ARC
8
A-FURN
10
50400
20
7780
30
0.0
40
285
50
200
51
340
0
CIRCLE
8
A-FURN
10
50400
20
9220
30
0.0
40
190
0
ARC
8
A-FURN
10
50400
20
9220
30
0.0
40
275
50
380
51
160
0
LINE
8
A-FURN
10
53850
20
8050
30
0.0
11
53850
21
8950
31
0.0
0
LINE
8
A-FURN
10
53850
20
8950
30
0.0
11
53350
21
8950
31
0.0
0
LINE
8
A-FURN
10
53350
20
8950
30
0.0
11
53350
21
8050
31
0.0
0
LINE
8
A-FURN
10
53350
20
8050
30
0.0
11
53850
21
8050
31
0.0
0
LINE
8
A-FURN
10
53680
20
8050
30
0.0
11
53680
21
8950
31
0.0
0
LINE
8
A-FURN
10
53520
20
8050
30
0.0
11
53520
21
8950
31
0.0
0
CIRCLE
8
A-EQIP
10
53600
20
8830
30
0.0
40
110
0
CIRCLE
8
A-FURN
10
53600
20
7780
30
0.0
40
200
0
ARC
8
A-FURN
10
53600
20
7780
30
0.0
40
285
50
200
51
340
0
CIRCLE
8
A-FURN
10
53600
20
9220
30
0.0
40
190
0
ARC
8
A-FURN
10
53600
20
9220
30
0.0
40
275
50
380
51
160
0
LINE
8
A-FURN
10
50650
20
9550
30
0.0
11
50650
21
10450
31
0.0
0
LINE
8
A-FURN
10
50650
20
10450
30
0.0
11
50150
21
10450
31
0.0
0
LINE
8
A-FURN
10
50150
20
10450
30
0.0
11
50150
21
9550
31
0.0
0
LINE
8
A-FURN
10
50150
20
9550
30
0.0
11
50650
21
9550
31
0.0
0
LINE
8
A-FURN
10
50480
20
9550
30
0.0
11
50480
21
10450
31
0.0
0
LINE
8
A-FURN
10
50320
20
9550
30
0.0
11
50320
21
10450
31
0.0
0
CIRCLE
8
A-EQIP
10
50400
20
10330
30
0.0
40
110
0
CIRCLE
8
A-FURN
10
50400
20
9280
30
0.0
40
200
0
ARC
8
A-FURN
10
50400
20
9280
30
0.0
40
285
50
200
51
340
0
CIRCLE
8
A-FURN
10
50400
20
10720
30
0.0
40
190
0
ARC
8
A-FURN
10
50400
20
10720
30
0.0
40
275
50
380
51
160
0
LINE
8
A-FURN
10
53850
20
9550
30
0.0
11
53850
21
10450
31
0.0
0
LINE
8
A-FURN
10
53850
20
10450
30
0.0
11
53350
21
10450
31
0.0
0
LINE
8
A-FURN
10
53350
20
10450
30
0.0
11
53350
21
9550
31
0.0
0
LINE
8
A-FURN
10
53350
20
9550
30
0.0
11
53850
21
9550
31
0.0
0
LINE
8
A-FURN
10
53680
20
9550
30
0.0
11
53680
21
10450
31
0.0
0
LINE
8
A-FURN
10
53520
20
9550
30
0.0
11
53520
21
10450
31
0.0
0
CIRCLE
8
A-EQIP
10
53600
20
10330
30
0.0
40
110
0
CIRCLE
8
A-FURN
10
53600
20
9280
30
0.0
40
200
0
ARC
8
A-FURN
10
53600
20
9280
30
0.0
40
285
50
200
51
340
0
CIRCLE
8
A-FURN
10
53600
20
10720
30
0.0
40
190
0
ARC
8
A-FURN
10
53600
20
10720
30
0.0
40
275
50
380
51
160
0
LINE
8
A-EQIP
10
56150
20
5600
30
0.0
11
56150
21
6400
31
0.0
0
LINE
8
A-EQIP
10
56150
20
6400
30
0.0
11
55630
21
6400
31
0.0
0
LINE
8
A-EQIP
10
55630
20
6400
30
0.0
11
55630
21
5600
31
0.0
0
LINE
8
A-EQIP
10
55630
20
5600
30
0.0
11
56150
21
5600
31
0.0
0
ARC
8
A-EQIP
10
55830
20
6000
30
0.0
40
290
50
270
51
450
0
CIRCLE
8
A-EQIP
10
55830
20
6000
30
0.0
40
60
0
LINE
8
A-FURN
10
55630
20
5600
30
0.0
11
55630
21
6400
31
0.0
0
LINE
8
A-FURN
10
55630
20
6400
30
0.0
11
55020
21
6400
31
0.0
0
LINE
8
A-FURN
10
55020
20
6400
30
0.0
11
55020
21
5600
31
0.0
0
LINE
8
A-FURN
10
55020
20
5600
30
0.0
11
55630
21
5600
31
0.0
0
LINE
8
A-FURN
10
55020
20
5580
30
0.0
11
55020
21
6420
31
0.0
0
LINE
8
A-FURN
10
55020
20
6420
30
0.0
11
54660
21
6420
31
0.0
0
LINE
8
A-FURN
10
54660
20
6420
30
0.0
11
54660
21
5580
31
0.0
0
LINE
8
A-FURN
10
54660
20
5580
30
0.0
11
55020
21
5580
31
0.0
0
LINE
8
A-FURN
10
54790
20
5580
30
0.0
11
54790
21
6420
31
0.0
0
LINE
8
A-FURN
10
55560
20
5530
30
0.0
11
55560
21
5600
31
0.0
0
LINE
8
A-FURN
10
55560
20
5600
30
0.0
11
55200
21
5600
31
0.0
0
LINE
8
A-FURN
10
55200
20
5600
30
0.0
11
55200
21
5530
31
0.0
0
LINE
8
A-FURN
10
55200
20
5530
30
0.0
11
55560
21
5530
31
0.0
0
LINE
8
A-FURN
10
55560
20
6400
30
0.0
11
55560
21
6470
31
0.0
0
LINE
8
A-FURN
10
55560
20
6470
30
0.0
11
55200
21
6470
31
0.0
0
LINE
8
A-FURN
10
55200
20
6470
30
0.0
11
55200
21
6400
31
0.0
0
LINE
8
A-FURN
10
55200
20
6400
30
0.0
11
55560
21
6400
31
0.0
0
LINE
8
A-EQIP
10
57250
20
6400
30
0.0
11
57250
21
5600
31
0.0
0
LINE
8
A-EQIP
10
57250
20
5600
30
0.0
11
57770
21
5600
31
0.0
0
LINE
8
A-EQIP
10
57770
20
5600
30
0.0
11
57770
21
6400
31
0.0
0
LINE
8
A-EQIP
10
57770
20
6400
30
0.0
11
57250
21
6400
31
0.0
0
ARC
8
A-EQIP
10
57570
20
6000
30
0.0
40
290
50
450
51
630
0
CIRCLE
8
A-EQIP
10
57570
20
6000
30
0.0
40
60
0
LINE
8
A-FURN
10
57770
20
6400
30
0.0
11
57770
21
5600
31
0.0
0
LINE
8
A-FURN
10
57770
20
5600
30
0.0
11
58380
21
5600
31
0.0
0
LINE
8
A-FURN
10
58380
20
5600
30
0.0
11
58380
21
6400
31
0.0
0
LINE
8
A-FURN
10
58380
20
6400
30
0.0
11
57770
21
6400
31
0.0
0
LINE
8
A-FURN
10
58380
20
6420
30
0.0
11
58380
21
5580
31
0.0
0
LINE
8
A-FURN
10
58380
20
5580
30
0.0
11
58740
21
5580
31
0.0
0
LINE
8
A-FURN
10
58740
20
5580
30
0.0
11
58740
21
6420
31
0.0
0
LINE
8
A-FURN
10
58740
20
6420
30
0.0
11
58380
21
6420
31
0.0
0
LINE
8
A-FURN
10
58610
20
6420
30
0.0
11
58610
21
5580
31
0.0
0
LINE
8
A-FURN
10
57840
20
6470
30
0.0
11
57840
21
6400
31
0.0
0
LINE
8
A-FURN
10
57840
20
6400
30
0.0
11
58200
21
6400
31
0.0
0
LINE
8
A-FURN
10
58200
20
6400
30
0.0
11
58200
21
6470
31
0.0
0
LINE
8
A-FURN
10
58200
20
6470
30
0.0
11
57840
21
6470
31
0.0
0
LINE
8
A-FURN
10
57840
20
5600
30
0.0
11
57840
21
5530
31
0.0
0
LINE
8
A-FURN
10
57840
20
5530
30
0.0
11
58200
21
5530
31
0.0
0
LINE
8
A-FURN
10
58200
20
5530
30
0.0
11
58200
21
5600
31
0.0
0
LINE
8
A-FURN
10
58200
20
5600
30
0.0
11
57840
21
5600
31
0.0
0
LINE
8
A-EQIP
10
56150
20
7400
30
0.0
11
56150
21
8200
31
0.0
0
LINE
8
A-EQIP
10
56150
20
8200
30
0.0
11
55630
21
8200
31
0.0
0
LINE
8
A-EQIP
10
55630
20
8200
30
0.0
11
55630
21
7400
31
0.0
0
LINE
8
A-EQIP
10
55630
20
7400
30
0.0
11
56150
21
7400
31
0.0
0
ARC
8
A-EQIP
10
55830
20
7800
30
0.0
40
290
50
270
51
450
0
CIRCLE
8
A-EQIP
10
55830
20
7800
30
0.0
40
60
0
LINE
8
A-FURN
10
55630
20
7400
30
0.0
11
55630
21
8200
31
0.0
0
LINE
8
A-FURN
10
55630
20
8200
30
0.0
11
55020
21
8200
31
0.0
0
LINE
8
A-FURN
10
55020
20
8200
30
0.0
11
55020
21
7400
31
0.0
0
LINE
8
A-FURN
10
55020
20
7400
30
0.0
11
55630
21
7400
31
0.0
0
LINE
8
A-FURN
10
55020
20
7380
30
0.0
11
55020
21
8220
31
0.0
0
LINE
8
A-FURN
10
55020
20
8220
30
0.0
11
54660
21
8220
31
0.0
0
LINE
8
A-FURN
10
54660
20
8220
30
0.0
11
54660
21
7380
31
0.0
0
LINE
8
A-FURN
10
54660
20
7380
30
0.0
11
55020
21
7380
31
0.0
0
LINE
8
A-FURN
10
54790
20
7380
30
0.0
11
54790
21
8220
31
0.0
0
LINE
8
A-FURN
10
55560
20
7330
30
0.0
11
55560
21
7400
31
0.0
0
LINE
8
A-FURN
10
55560
20
7400
30
0.0
11
55200
21
7400
31
0.0
0
LINE
8
A-FURN
10
55200
20
7400
30
0.0
11
55200
21
7330
31
0.0
0
LINE
8
A-FURN
10
55200
20
7330
30
0.0
11
55560
21
7330
31
0.0
0
LINE
8
A-FURN
10
55560
20
8200
30
0.0
11
55560
21
8270
31
0.0
0
LINE
8
A-FURN
10
55560
20
8270
30
0.0
11
55200
21
8270
31
0.0
0
LINE
8
A-FURN
10
55200
20
8270
30
0.0
11
55200
21
8200
31
0.0
0
LINE
8
A-FURN
10
55200
20
8200
30
0.0
11
55560
21
8200
31
0.0
0
LINE
8
A-EQIP
10
57250
20
8200
30
0.0
11
57250
21
7400
31
0.0
0
LINE
8
A-EQIP
10
57250
20
7400
30
0.0
11
57770
21
7400
31
0.0
0
LINE
8
A-EQIP
10
57770
20
7400
30
0.0
11
57770
21
8200
31
0.0
0
LINE
8
A-EQIP
10
57770
20
8200
30
0.0
11
57250
21
8200
31
0.0
0
ARC
8
A-EQIP
10
57570
20
7800
30
0.0
40
290
50
450
51
630
0
CIRCLE
8
A-EQIP
10
57570
20
7800
30
0.0
40
60
0
LINE
8
A-FURN
10
57770
20
8200
30
0.0
11
57770
21
7400
31
0.0
0
LINE
8
A-FURN
10
57770
20
7400
30
0.0
11
58380
21
7400
31
0.0
0
LINE
8
A-FURN
10
58380
20
7400
30
0.0
11
58380
21
8200
31
0.0
0
LINE
8
A-FURN
10
58380
20
8200
30
0.0
11
57770
21
8200
31
0.0
0
LINE
8
A-FURN
10
58380
20
8220
30
0.0
11
58380
21
7380
31
0.0
0
LINE
8
A-FURN
10
58380
20
7380
30
0.0
11
58740
21
7380
31
0.0
0
LINE
8
A-FURN
10
58740
20
7380
30
0.0
11
58740
21
8220
31
0.0
0
LINE
8
A-FURN
10
58740
20
8220
30
0.0
11
58380
21
8220
31
0.0
0
LINE
8
A-FURN
10
58610
20
8220
30
0.0
11
58610
21
7380
31
0.0
0
LINE
8
A-FURN
10
57840
20
8270
30
0.0
11
57840
21
8200
31
0.0
0
LINE
8
A-FURN
10
57840
20
8200
30
0.0
11
58200
21
8200
31
0.0
0
LINE
8
A-FURN
10
58200
20
8200
30
0.0
11
58200
21
8270
31
0.0
0
LINE
8
A-FURN
10
58200
20
8270
30
0.0
11
57840
21
8270
31
0.0
0
LINE
8
A-FURN
10
57840
20
7400
30
0.0
11
57840
21
7330
31
0.0
0
LINE
8
A-FURN
10
57840
20
7330
30
0.0
11
58200
21
7330
31
0.0
0
LINE
8
A-FURN
10
58200
20
7330
30
0.0
11
58200
21
7400
31
0.0
0
LINE
8
A-FURN
10
58200
20
7400
30
0.0
11
57840
21
7400
31
0.0
0
LINE
8
A-EQIP
10
56150
20
9200
30
0.0
11
56150
21
10000
31
0.0
0
LINE
8
A-EQIP
10
56150
20
10000
30
0.0
11
55630
21
10000
31
0.0
0
LINE
8
A-EQIP
10
55630
20
10000
30
0.0
11
55630
21
9200
31
0.0
0
LINE
8
A-EQIP
10
55630
20
9200
30
0.0
11
56150
21
9200
31
0.0
0
ARC
8
A-EQIP
10
55830
20
9600
30
0.0
40
290
50
270
51
450
0
CIRCLE
8
A-EQIP
10
55830
20
9600
30
0.0
40
60
0
LINE
8
A-FURN
10
55630
20
9200
30
0.0
11
55630
21
10000
31
0.0
0
LINE
8
A-FURN
10
55630
20
10000
30
0.0
11
55020
21
10000
31
0.0
0
LINE
8
A-FURN
10
55020
20
10000
30
0.0
11
55020
21
9200
31
0.0
0
LINE
8
A-FURN
10
55020
20
9200
30
0.0
11
55630
21
9200
31
0.0
0
LINE
8
A-FURN
10
55020
20
9180
30
0.0
11
55020
21
10020
31
0.0
0
LINE
8
A-FURN
10
55020
20
10020
30
0.0
11
54660
21
10020
31
0.0
0
LINE
8
A-FURN
10
54660
20
10020
30
0.0
11
54660
21
9180
31
0.0
0
LINE
8
A-FURN
10
54660
20
9180
30
0.0
11
55020
21
9180
31
0.0
0
LINE
8
A-FURN
10
54790
20
9180
30
0.0
11
54790
21
10020
31
0.0
0
LINE
8
A-FURN
10
55560
20
9130
30
0.0
11
55560
21
9200
31
0.0
0
LINE
8
A-FURN
10
55560
20
9200
30
0.0
11
55200
21
9200
31
0.0
0
LINE
8
A-FURN
10
55200
20
9200
30
0.0
11
55200
21
9130
31
0.0
0
LINE
8
A-FURN
10
55200
20
9130
30
0.0
11
55560
21
9130
31
0.0
0
LINE
8
A-FURN
10
55560
20
10000
30
0.0
11
55560
21
10070
31
0.0
0
LINE
8
A-FURN
10
55560
20
10070
30
0.0
11
55200
21
10070
31
0.0
0
LINE
8
A-FURN
10
55200
20
10070
30
0.0
11
55200
21
10000
31
0.0
0
LINE
8
A-FURN
10
55200
20
10000
30
0.0
11
55560
21
10000
31
0.0
0
LINE
8
A-EQIP
10
57250
20
10000
30
0.0
11
57250
21
9200
31
0.0
0
LINE
8
A-EQIP
10
57250
20
9200
30
0.0
11
57770
21
9200
31
0.0
0
LINE
8
A-EQIP
10
57770
20
9200
30
0.0
11
57770
21
10000
31
0.0
0
LINE
8
A-EQIP
10
57770
20
10000
30
0.0
11
57250
21
10000
31
0.0
0
ARC
8
A-EQIP
10
57570
20
9600
30
0.0
40
290
50
450
51
630
0
CIRCLE
8
A-EQIP
10
57570
20
9600
30
0.0
40
60
0
LINE
8
A-FURN
10
57770
20
10000
30
0.0
11
57770
21
9200
31
0.0
0
LINE
8
A-FURN
10
57770
20
9200
30
0.0
11
58380
21
9200
31
0.0
0
LINE
8
A-FURN
10
58380
20
9200
30
0.0
11
58380
21
10000
31
0.0
0
LINE
8
A-FURN
10
58380
20
10000
30
0.0
11
57770
21
10000
31
0.0
0
LINE
8
A-FURN
10
58380
20
10020
30
0.0
11
58380
21
9180
31
0.0
0
LINE
8
A-FURN
10
58380
20
9180
30
0.0
11
58740
21
9180
31
0.0
0
LINE
8
A-FURN
10
58740
20
9180
30
0.0
11
58740
21
10020
31
0.0
0
LINE
8
A-FURN
10
58740
20
10020
30
0.0
11
58380
21
10020
31
0.0
0
LINE
8
A-FURN
10
58610
20
10020
30
0.0
11
58610
21
9180
31
0.0
0
LINE
8
A-FURN
10
57840
20
10070
30
0.0
11
57840
21
10000
31
0.0
0
LINE
8
A-FURN
10
57840
20
10000
30
0.0
11
58200
21
10000
31
0.0
0
LINE
8
A-FURN
10
58200
20
10000
30
0.0
11
58200
21
10070
31
0.0
0
LINE
8
A-FURN
10
58200
20
10070
30
0.0
11
57840
21
10070
31
0.0
0
LINE
8
A-FURN
10
57840
20
9200
30
0.0
11
57840
21
9130
31
0.0
0
LINE
8
A-FURN
10
57840
20
9130
30
0.0
11
58200
21
9130
31
0.0
0
LINE
8
A-FURN
10
58200
20
9130
30
0.0
11
58200
21
9200
31
0.0
0
LINE
8
A-FURN
10
58200
20
9200
30
0.0
11
57840
21
9200
31
0.0
0
LINE
8
A-FURN
10
60260
20
6000
30
0.0
11
60260
21
6600
31
0.0
0
LINE
8
A-FURN
10
60260
20
6600
30
0.0
11
59960
21
6600
31
0.0
0
LINE
8
A-FURN
10
59960
20
6600
30
0.0
11
59960
21
6000
31
0.0
0
LINE
8
A-FURN
10
59960
20
6000
30
0.0
11
60260
21
6000
31
0.0
0
LINE
8
A-FURN
10
60110
20
6000
30
0.0
11
60110
21
6600
31
0.0
0
LINE
8
A-EQIP
10
60310
20
5980
30
0.0
11
60310
21
6620
31
0.0
0
LINE
8
A-EQIP
10
60310
20
6620
30
0.0
11
60260
21
6620
31
0.0
0
LINE
8
A-EQIP
10
60260
20
6620
30
0.0
11
60260
21
5980
31
0.0
0
LINE
8
A-EQIP
10
60260
20
5980
30
0.0
11
60310
21
5980
31
0.0
0
LINE
8
A-EQIP
10
60310
20
5980
30
0.0
11
60260
21
6620
31
0.0
0
CIRCLE
8
A-FURN
10
59640
20
6300
30
0.0
40
240
0
CIRCLE
8
A-FURN
10
59640
20
6300
30
0.0
40
70
0
ARC
8
A-FURN
10
59640
20
6300
30
0.0
40
330
50
290
51
430
0
CIRCLE
8
A-FURN
10
61200
20
6300
30
0.0
40
210
0
CIRCLE
8
A-FURN
10
61200
20
6300
30
0.0
40
70
0
LINE
8
A-FURN
10
60955
20
6110
30
0.0
11
61445
21
6110
31
0.0
0
LINE
8
A-FURN
10
61445
20
6110
30
0.0
11
61445
21
6550
31
0.0
0
LINE
8
A-FURN
10
61445
20
6550
30
0.0
11
60955
21
6550
31
0.0
0
LINE
8
A-FURN
10
60955
20
6550
30
0.0
11
60955
21
6110
31
0.0
0
LINE
8
A-FURN
10
60945
20
5970
30
0.0
11
61455
21
5970
31
0.0
0
LINE
8
A-FURN
10
61455
20
5970
30
0.0
11
61455
21
6110
31
0.0
0
LINE
8
A-FURN
10
61455
20
6110
30
0.0
11
60945
21
6110
31
0.0
0
LINE
8
A-FURN
10
60945
20
6110
30
0.0
11
60945
21
5970
31
0.0
0
LINE
8
A-FURN
10
61005
20
6000
30
0.0
11
61395
21
6000
31
0.0
0
LINE
8
A-FURN
10
60890
20
6190
30
0.0
11
60955
21
6190
31
0.0
0
LINE
8
A-FURN
10
60955
20
6190
30
0.0
11
60955
21
6470
31
0.0
0
LINE
8
A-FURN
10
60955
20
6470
30
0.0
11
60890
21
6470
31
0.0
0
LINE
8
A-FURN
10
60890
20
6470
30
0.0
11
60890
21
6190
31
0.0
0
LINE
8
A-FURN
10
61445
20
6190
30
0.0
11
61510
21
6190
31
0.0
0
LINE
8
A-FURN
10
61510
20
6190
30
0.0
11
61510
21
6470
31
0.0
0
LINE
8
A-FURN
10
61510
20
6470
30
0.0
11
61445
21
6470
31
0.0
0
LINE
8
A-FURN
10
61445
20
6470
30
0.0
11
61445
21
6190
31
0.0
0
ARC
8
A-FURN
10
61200
20
6550
30
0.0
40
245
50
0
51
180
0
LINE
8
A-FURN
10
60700
20
4580
30
0.0
11
62500
21
4580
31
0.0
0
LINE
8
A-FURN
10
62500
20
4580
30
0.0
11
62500
21
5420
31
0.0
0
LINE
8
A-FURN
10
62500
20
5420
30
0.0
11
60700
21
5420
31
0.0
0
LINE
8
A-FURN
10
60700
20
5420
30
0.0
11
60700
21
4580
31
0.0
0
LINE
8
A-FURN
10
60700
20
5190
30
0.0
11
62500
21
5190
31
0.0
0
LINE
8
A-FURN
10
60700
20
4580
30
0.0
11
60850
21
4580
31
0.0
0
LINE
8
A-FURN
10
60850
20
4580
30
0.0
11
60850
21
5420
31
0.0
0
LINE
8
A-FURN
10
60850
20
5420
30
0.0
11
60700
21
5420
31
0.0
0
LINE
8
A-FURN
10
62350
20
4580
30
0.0
11
62500
21
4580
31
0.0
0
LINE
8
A-FURN
10
62500
20
5420
30
0.0
11
62350
21
5420
31
0.0
0
LINE
8
A-FURN
10
62350
20
5420
30
0.0
11
62350
21
4580
31
0.0
0
LINE
8
A-FURN
10
61350
20
4580
30
0.0
11
61350
21
5190
31
0.0
0
LINE
8
A-FURN
10
61850
20
4580
30
0.0
11
61850
21
5190
31
0.0
0
LINE
8
A-FURN
10
59600
20
8600
30
0.0
11
62200
21
8600
31
0.0
0
LINE
8
A-FURN
10
62200
20
8600
30
0.0
11
62200
21
10800
31
0.0
0
LINE
8
A-FURN
10
62200
20
10800
30
0.0
11
59600
21
10800
31
0.0
0
LINE
8
A-FURN
10
59600
20
10800
30
0.0
11
59600
21
8600
31
0.0
0
LINE
8
A-FURN
10
59600
20
9700
30
0.0
11
62200
21
9700
31
0.0
0
LINE
8
A-FURN
10
62700
20
8300
30
0.0
11
62700
21
11000
31
0.0
0
LINE
8
A-EQIP
10
63275
20
4775
30
0.0
11
63925
21
4775
31
0.0
0
LINE
8
A-EQIP
10
63925
20
4775
30
0.0
11
63925
21
5425
31
0.0
0
LINE
8
A-EQIP
10
63925
20
5425
30
0.0
11
63275
21
5425
31
0.0
0
LINE
8
A-EQIP
10
63275
20
5425
30
0.0
11
63275
21
4775
31
0.0
0
CIRCLE
8
A-EQIP
10
63600
20
5060
30
0.0
40
200
0
CIRCLE
8
A-EQIP
10
63600
20
5060
30
0.0
40
130
0
LINE
8
A-EQIP
10
63330
20
5300
30
0.0
11
63870
21
5300
31
0.0
0
LINE
8
A-EQIP
10
63870
20
5300
30
0.0
11
63870
21
5385
31
0.0
0
LINE
8
A-EQIP
10
63870
20
5385
30
0.0
11
63330
21
5385
31
0.0
0
LINE
8
A-EQIP
10
63330
20
5385
30
0.0
11
63330
21
5300
31
0.0
0
LINE
8
A-EQIP
10
64075
20
4775
30
0.0
11
64725
21
4775
31
0.0
0
LINE
8
A-EQIP
10
64725
20
4775
30
0.0
11
64725
21
5425
31
0.0
0
LINE
8
A-EQIP
10
64725
20
5425
30
0.0
11
64075
21
5425
31
0.0
0
LINE
8
A-EQIP
10
64075
20
5425
30
0.0
11
64075
21
4775
31
0.0
0
CIRCLE
8
A-EQIP
10
64400
20
5060
30
0.0
40
200
0
CIRCLE
8
A-EQIP
10
64400
20
5060
30
0.0
40
130
0
LINE
8
A-EQIP
10
64130
20
5300
30
0.0
11
64670
21
5300
31
0.0
0
LINE
8
A-EQIP
10
64670
20
5300
30
0.0
11
64670
21
5385
31
0.0
0
LINE
8
A-EQIP
10
64670
20
5385
30
0.0
11
64130
21
5385
31
0.0
0
LINE
8
A-EQIP
10
64130
20
5385
30
0.0
11
64130
21
5300
31
0.0
0
LINE
8
A-EQIP
10
63275
20
5675
30
0.0
11
63925
21
5675
31
0.0
0
LINE
8
A-EQIP
10
63925
20
5675
30
0.0
11
63925
21
6325
31
0.0
0
LINE
8
A-EQIP
10
63925
20
6325
30
0.0
11
63275
21
6325
31
0.0
0
LINE
8
A-EQIP
10
63275
20
6325
30
0.0
11
63275
21
5675
31
0.0
0
CIRCLE
8
A-EQIP
10
63600
20
5960
30
0.0
40
200
0
CIRCLE
8
A-EQIP
10
63600
20
5960
30
0.0
40
130
0
LINE
8
A-EQIP
10
63330
20
6200
30
0.0
11
63870
21
6200
31
0.0
0
LINE
8
A-EQIP
10
63870
20
6200
30
0.0
11
63870
21
6285
31
0.0
0
LINE
8
A-EQIP
10
63870
20
6285
30
0.0
11
63330
21
6285
31
0.0
0
LINE
8
A-EQIP
10
63330
20
6285
30
0.0
11
63330
21
6200
31
0.0
0
LINE
8
A-EQIP
10
64075
20
5675
30
0.0
11
64725
21
5675
31
0.0
0
LINE
8
A-EQIP
10
64725
20
5675
30
0.0
11
64725
21
6325
31
0.0
0
LINE
8
A-EQIP
10
64725
20
6325
30
0.0
11
64075
21
6325
31
0.0
0
LINE
8
A-EQIP
10
64075
20
6325
30
0.0
11
64075
21
5675
31
0.0
0
CIRCLE
8
A-EQIP
10
64400
20
5960
30
0.0
40
200
0
CIRCLE
8
A-EQIP
10
64400
20
5960
30
0.0
40
130
0
LINE
8
A-EQIP
10
64130
20
6200
30
0.0
11
64670
21
6200
31
0.0
0
LINE
8
A-EQIP
10
64670
20
6200
30
0.0
11
64670
21
6285
31
0.0
0
LINE
8
A-EQIP
10
64670
20
6285
30
0.0
11
64130
21
6285
31
0.0
0
LINE
8
A-EQIP
10
64130
20
6285
30
0.0
11
64130
21
6200
31
0.0
0
LINE
8
A-FURN
10
63300
20
7000
30
0.0
11
65500
21
7000
31
0.0
0
LINE
8
A-FURN
10
65500
20
7000
30
0.0
11
65500
21
8000
31
0.0
0
LINE
8
A-FURN
10
65500
20
8000
30
0.0
11
63300
21
8000
31
0.0
0
LINE
8
A-FURN
10
63300
20
8000
30
0.0
11
63300
21
7000
31
0.0
0
LINE
8
A-FURN
10
63300
20
8800
30
0.0
11
65500
21
8800
31
0.0
0
LINE
8
A-FURN
10
65500
20
8800
30
0.0
11
65500
21
9400
31
0.0
0
LINE
8
A-FURN
10
65500
20
9400
30
0.0
11
63300
21
9400
31
0.0
0
LINE
8
A-FURN
10
63300
20
9400
30
0.0
11
63300
21
8800
31
0.0
0
LINE
8
A-FURN
10
63850
20
8800
30
0.0
11
63850
21
9400
31
0.0
0
LINE
8
A-FURN
10
64400
20
8800
30
0.0
11
64400
21
9400
31
0.0
0
LINE
8
A-FURN
10
64950
20
8800
30
0.0
11
64950
21
9400
31
0.0
0
LINE
8
A-STAIR
10
36000
20
13980
30
0.0
11
37200
21
13980
31
0.0
0
LINE
8
A-STAIR
10
37200
20
13980
30
0.0
11
37200
21
16500
31
0.0
0
LINE
8
A-STAIR
10
37200
20
16500
30
0.0
11
40000
21
16500
31
0.0
0
LINE
8
A-STAIR
10
40000
20
16500
30
0.0
11
40000
21
17700
31
0.0
0
LINE
8
A-STAIR
10
36000
20
14260
30
0.0
11
37200
21
14260
31
0.0
0
LINE
8
A-STAIR
10
36000
20
14540
30
0.0
11
37200
21
14540
31
0.0
0
LINE
8
A-STAIR
10
36000
20
14820
30
0.0
11
37200
21
14820
31
0.0
0
LINE
8
A-STAIR
10
36000
20
15100
30
0.0
11
37200
21
15100
31
0.0
0
LINE
8
A-STAIR
10
36000
20
15380
30
0.0
11
37200
21
15380
31
0.0
0
LINE
8
A-STAIR
10
36000
20
15660
30
0.0
11
37200
21
15660
31
0.0
0
LINE
8
A-STAIR
10
36000
20
15940
30
0.0
11
37200
21
15940
31
0.0
0
LINE
8
A-STAIR
10
36000
20
16220
30
0.0
11
37200
21
16220
31
0.0
0
LINE
8
A-STAIR
10
36000
20
16500
30
0.0
11
37200
21
16500
31
0.0
0
LINE
8
A-STAIR
10
37480
20
16500
30
0.0
11
37480
21
17700
31
0.0
0
LINE
8
A-STAIR
10
37760
20
16500
30
0.0
11
37760
21
17700
31
0.0
0
LINE
8
A-STAIR
10
38040
20
16500
30
0.0
11
38040
21
17700
31
0.0
0
LINE
8
A-STAIR
10
38320
20
16500
30
0.0
11
38320
21
17700
31
0.0
0
LINE
8
A-STAIR
10
38600
20
16500
30
0.0
11
38600
21
17700
31
0.0
0
LINE
8
A-STAIR
10
38880
20
16500
30
0.0
11
38880
21
17700
31
0.0
0
LINE
8
A-STAIR
10
39160
20
16500
30
0.0
11
39160
21
17700
31
0.0
0
LINE
8
A-STAIR
10
39440
20
16500
30
0.0
11
39440
21
17700
31
0.0
0
LINE
8
A-STAIR
10
39720
20
16500
30
0.0
11
39720
21
17700
31
0.0
0
LINE
8
A-STAIR
10
36095
20
13980
30
0.0
11
36095
21
16405
31
0.0
0
LINE
8
A-STAIR
10
36095
20
16595
30
0.0
11
40000
21
16595
31
0.0
0
TEXT
8
A-STAIR
10
37500
20
14300
30
0.0
40
190
1
\U+0646\U+0632\U+0648\U+0644 21 \U+0642\U+0627\U+0626\U+0645\U+0629
50
90
7
ARABIC
0
LINE
8
A-STAIR
10
65800
20
13980
30
0.0
11
64600
21
13980
31
0.0
0
LINE
8
A-STAIR
10
64600
20
13980
30
0.0
11
64600
21
16500
31
0.0
0
LINE
8
A-STAIR
10
64600
20
16500
30
0.0
11
61800
21
16500
31
0.0
0
LINE
8
A-STAIR
10
61800
20
16500
30
0.0
11
61800
21
17700
31
0.0
0
LINE
8
A-STAIR
10
65800
20
14260
30
0.0
11
64600
21
14260
31
0.0
0
LINE
8
A-STAIR
10
65800
20
14540
30
0.0
11
64600
21
14540
31
0.0
0
LINE
8
A-STAIR
10
65800
20
14820
30
0.0
11
64600
21
14820
31
0.0
0
LINE
8
A-STAIR
10
65800
20
15100
30
0.0
11
64600
21
15100
31
0.0
0
LINE
8
A-STAIR
10
65800
20
15380
30
0.0
11
64600
21
15380
31
0.0
0
LINE
8
A-STAIR
10
65800
20
15660
30
0.0
11
64600
21
15660
31
0.0
0
LINE
8
A-STAIR
10
65800
20
15940
30
0.0
11
64600
21
15940
31
0.0
0
LINE
8
A-STAIR
10
65800
20
16220
30
0.0
11
64600
21
16220
31
0.0
0
LINE
8
A-STAIR
10
65800
20
16500
30
0.0
11
64600
21
16500
31
0.0
0
LINE
8
A-STAIR
10
64320
20
16500
30
0.0
11
64320
21
17700
31
0.0
0
LINE
8
A-STAIR
10
64040
20
16500
30
0.0
11
64040
21
17700
31
0.0
0
LINE
8
A-STAIR
10
63760
20
16500
30
0.0
11
63760
21
17700
31
0.0
0
LINE
8
A-STAIR
10
63480
20
16500
30
0.0
11
63480
21
17700
31
0.0
0
LINE
8
A-STAIR
10
63200
20
16500
30
0.0
11
63200
21
17700
31
0.0
0
LINE
8
A-STAIR
10
62920
20
16500
30
0.0
11
62920
21
17700
31
0.0
0
LINE
8
A-STAIR
10
62640
20
16500
30
0.0
11
62640
21
17700
31
0.0
0
LINE
8
A-STAIR
10
62360
20
16500
30
0.0
11
62360
21
17700
31
0.0
0
LINE
8
A-STAIR
10
62080
20
16500
30
0.0
11
62080
21
17700
31
0.0
0
LINE
8
A-STAIR
10
65705
20
13980
30
0.0
11
65705
21
16405
31
0.0
0
LINE
8
A-STAIR
10
65705
20
16595
30
0.0
11
61800
21
16595
31
0.0
0
TEXT
8
A-STAIR
10
64300
20
14300
30
0.0
40
190
1
\U+0646\U+0632\U+0648\U+0644 21 \U+0642\U+0627\U+0626\U+0645\U+0629
50
90
7
ARABIC
0
LINE
8
A-PART
10
42900
20
13000
30
0.0
11
42900
21
17700
31
0.0
0
LINE
8
A-PART
10
45250
20
13000
30
0.0
11
45250
21
17700
31
0.0
0
LINE
8
A-FURN
10
41400
20
14450
30
0.0
11
42100
21
14450
31
0.0
0
LINE
8
A-FURN
10
42100
20
14450
30
0.0
11
42100
21
16350
31
0.0
0
LINE
8
A-FURN
10
42100
20
16350
30
0.0
11
41400
21
16350
31
0.0
0
LINE
8
A-FURN
10
41400
20
16350
30
0.0
11
41400
21
14450
31
0.0
0
LINE
8
A-FURN
10
41400
20
15960
30
0.0
11
42100
21
15960
31
0.0
0
LINE
8
A-FURN
10
41400
20
14840
30
0.0
11
42100
21
14840
31
0.0
0
ARC
8
A-FURN
10
41750
20
16190
30
0.0
40
195
50
0
51
180
0
CIRCLE
8
A-FURN
10
41750
20
14220
30
0.0
40
190
0
LINE
8
A-EQIP
10
42310
20
15100
30
0.0
11
42650
21
15100
31
0.0
0
LINE
8
A-EQIP
10
42650
20
15100
30
0.0
11
42650
21
15700
31
0.0
0
LINE
8
A-EQIP
10
42650
20
15700
30
0.0
11
42310
21
15700
31
0.0
0
LINE
8
A-EQIP
10
42310
20
15700
30
0.0
11
42310
21
15100
31
0.0
0
LINE
8
A-EQIP
10
42310
20
15400
30
0.0
11
42650
21
15400
31
0.0
0
CIRCLE
8
A-EQIP
10
42390
20
16020
30
0.0
40
170
0
LINE
8
A-EQIP
10
42390
20
15850
30
0.0
11
42390
21
16020
31
0.0
0
LINE
8
A-FURN
10
43725
20
14450
30
0.0
11
44425
21
14450
31
0.0
0
LINE
8
A-FURN
10
44425
20
14450
30
0.0
11
44425
21
16350
31
0.0
0
LINE
8
A-FURN
10
44425
20
16350
30
0.0
11
43725
21
16350
31
0.0
0
LINE
8
A-FURN
10
43725
20
16350
30
0.0
11
43725
21
14450
31
0.0
0
LINE
8
A-FURN
10
43725
20
15960
30
0.0
11
44425
21
15960
31
0.0
0
LINE
8
A-FURN
10
43725
20
14840
30
0.0
11
44425
21
14840
31
0.0
0
ARC
8
A-FURN
10
44075
20
16190
30
0.0
40
195
50
0
51
180
0
CIRCLE
8
A-FURN
10
44075
20
14220
30
0.0
40
190
0
LINE
8
A-EQIP
10
44635
20
15100
30
0.0
11
44975
21
15100
31
0.0
0
LINE
8
A-EQIP
10
44975
20
15100
30
0.0
11
44975
21
15700
31
0.0
0
LINE
8
A-EQIP
10
44975
20
15700
30
0.0
11
44635
21
15700
31
0.0
0
LINE
8
A-EQIP
10
44635
20
15700
30
0.0
11
44635
21
15100
31
0.0
0
LINE
8
A-EQIP
10
44635
20
15400
30
0.0
11
44975
21
15400
31
0.0
0
CIRCLE
8
A-EQIP
10
44715
20
16020
30
0.0
40
170
0
LINE
8
A-EQIP
10
44715
20
15850
30
0.0
11
44715
21
16020
31
0.0
0
LINE
8
A-FURN
10
46075
20
14450
30
0.0
11
46775
21
14450
31
0.0
0
LINE
8
A-FURN
10
46775
20
14450
30
0.0
11
46775
21
16350
31
0.0
0
LINE
8
A-FURN
10
46775
20
16350
30
0.0
11
46075
21
16350
31
0.0
0
LINE
8
A-FURN
10
46075
20
16350
30
0.0
11
46075
21
14450
31
0.0
0
LINE
8
A-FURN
10
46075
20
15960
30
0.0
11
46775
21
15960
31
0.0
0
LINE
8
A-FURN
10
46075
20
14840
30
0.0
11
46775
21
14840
31
0.0
0
ARC
8
A-FURN
10
46425
20
16190
30
0.0
40
195
50
0
51
180
0
CIRCLE
8
A-FURN
10
46425
20
14220
30
0.0
40
190
0
LINE
8
A-EQIP
10
46985
20
15100
30
0.0
11
47325
21
15100
31
0.0
0
LINE
8
A-EQIP
10
47325
20
15100
30
0.0
11
47325
21
15700
31
0.0
0
LINE
8
A-EQIP
10
47325
20
15700
30
0.0
11
46985
21
15700
31
0.0
0
LINE
8
A-EQIP
10
46985
20
15700
30
0.0
11
46985
21
15100
31
0.0
0
LINE
8
A-EQIP
10
46985
20
15400
30
0.0
11
47325
21
15400
31
0.0
0
CIRCLE
8
A-EQIP
10
47065
20
16020
30
0.0
40
170
0
LINE
8
A-EQIP
10
47065
20
15850
30
0.0
11
47065
21
16020
31
0.0
0
LINE
8
A-PART
10
49600
20
13000
30
0.0
11
49600
21
17700
31
0.0
0
LINE
8
A-FURN
10
48250
20
14500
30
0.0
11
48950
21
14500
31
0.0
0
LINE
8
A-FURN
10
48950
20
14500
30
0.0
11
48950
21
16300
31
0.0
0
LINE
8
A-FURN
10
48950
20
16300
30
0.0
11
48250
21
16300
31
0.0
0
LINE
8
A-FURN
10
48250
20
16300
30
0.0
11
48250
21
14500
31
0.0
0
LINE
8
A-FURN
10
48250
20
15920
30
0.0
11
48950
21
15920
31
0.0
0
ARC
8
A-FURN
10
48600
20
16160
30
0.0
40
200
50
0
51
180
0
CIRCLE
8
A-FURN
10
48600
20
14280
30
0.0
40
180
0
CIRCLE
8
A-EQIP
10
49120
20
16100
30
0.0
40
150
0
LINE
8
A-EQIP
10
48980
20
16100
30
0.0
11
49120
21
16100
31
0.0
0
LINE
8
A-FURN
10
50250
20
14500
30
0.0
11
50950
21
14500
31
0.0
0
LINE
8
A-FURN
10
50950
20
14500
30
0.0
11
50950
21
16300
31
0.0
0
LINE
8
A-FURN
10
50950
20
16300
30
0.0
11
50250
21
16300
31
0.0
0
LINE
8
A-FURN
10
50250
20
16300
30
0.0
11
50250
21
14500
31
0.0
0
LINE
8
A-FURN
10
50250
20
15920
30
0.0
11
50950
21
15920
31
0.0
0
ARC
8
A-FURN
10
50600
20
16160
30
0.0
40
200
50
0
51
180
0
CIRCLE
8
A-FURN
10
50600
20
14280
30
0.0
40
180
0
CIRCLE
8
A-EQIP
10
51120
20
16100
30
0.0
40
150
0
LINE
8
A-EQIP
10
50980
20
16100
30
0.0
11
51120
21
16100
31
0.0
0
LINE
8
A-FURN
10
52650
20
14450
30
0.0
11
53350
21
14450
31
0.0
0
LINE
8
A-FURN
10
53350
20
14450
30
0.0
11
53350
21
16350
31
0.0
0
LINE
8
A-FURN
10
53350
20
16350
30
0.0
11
52650
21
16350
31
0.0
0
LINE
8
A-FURN
10
52650
20
16350
30
0.0
11
52650
21
14450
31
0.0
0
LINE
8
A-FURN
10
52650
20
15960
30
0.0
11
53350
21
15960
31
0.0
0
LINE
8
A-FURN
10
52650
20
14840
30
0.0
11
53350
21
14840
31
0.0
0
ARC
8
A-FURN
10
53000
20
16190
30
0.0
40
195
50
0
51
180
0
CIRCLE
8
A-FURN
10
53000
20
14220
30
0.0
40
190
0
LINE
8
A-EQIP
10
53560
20
15100
30
0.0
11
53900
21
15100
31
0.0
0
LINE
8
A-EQIP
10
53900
20
15100
30
0.0
11
53900
21
15700
31
0.0
0
LINE
8
A-EQIP
10
53900
20
15700
30
0.0
11
53560
21
15700
31
0.0
0
LINE
8
A-EQIP
10
53560
20
15700
30
0.0
11
53560
21
15100
31
0.0
0
LINE
8
A-EQIP
10
53560
20
15400
30
0.0
11
53900
21
15400
31
0.0
0
CIRCLE
8
A-EQIP
10
53640
20
16020
30
0.0
40
170
0
LINE
8
A-EQIP
10
53640
20
15850
30
0.0
11
53640
21
16020
31
0.0
0
LINE
8
A-EQIP
10
54100
20
14400
30
0.0
11
54800
21
14400
31
0.0
0
LINE
8
A-EQIP
10
54800
20
14400
30
0.0
11
54800
21
15600
31
0.0
0
LINE
8
A-EQIP
10
54800
20
15600
30
0.0
11
54100
21
15600
31
0.0
0
LINE
8
A-EQIP
10
54100
20
15600
30
0.0
11
54100
21
14400
31
0.0
0
LINE
8
A-EQIP
10
54100
20
15000
30
0.0
11
54800
21
15000
31
0.0
0
CIRCLE
8
A-EQIP
10
54450
20
14700
30
0.0
40
200
0
LINE
8
A-FURN
10
56000
20
14400
30
0.0
11
56800
21
14400
31
0.0
0
LINE
8
A-FURN
10
56800
20
14400
30
0.0
11
56800
21
16400
31
0.0
0
LINE
8
A-FURN
10
56800
20
16400
30
0.0
11
56000
21
16400
31
0.0
0
LINE
8
A-FURN
10
56000
20
16400
30
0.0
11
56000
21
14400
31
0.0
0
LINE
8
A-FURN
10
56000
20
16040
30
0.0
11
56800
21
16040
31
0.0
0
CIRCLE
8
A-FURN
10
56400
20
16230
30
0.0
40
135
0
LINE
8
A-EQIP
10
57020
20
15150
30
0.0
11
57320
21
15150
31
0.0
0
LINE
8
A-EQIP
10
57320
20
15150
30
0.0
11
57320
21
15650
31
0.0
0
LINE
8
A-EQIP
10
57320
20
15650
30
0.0
11
57020
21
15650
31
0.0
0
LINE
8
A-EQIP
10
57020
20
15650
30
0.0
11
57020
21
15150
31
0.0
0
LINE
8
A-EQIP
10
56750
20
17500
30
0.0
11
56050
21
17500
31
0.0
0
LINE
8
A-EQIP
10
56050
20
17500
30
0.0
11
56050
21
17000
31
0.0
0
LINE
8
A-EQIP
10
56050
20
17000
30
0.0
11
56750
21
17000
31
0.0
0
LINE
8
A-EQIP
10
56750
20
17000
30
0.0
11
56750
21
17500
31
0.0
0
CIRCLE
8
A-EQIP
10
56400
20
17250
30
0.0
40
205
0
CIRCLE
8
A-EQIP
10
56400
20
17250
30
0.0
40
55
0
CIRCLE
8
A-EQIP
10
56400
20
17430
30
0.0
40
45
0
LINE
8
A-FURN
10
58600
20
13200
30
0.0
11
59200
21
13200
31
0.0
0
LINE
8
A-FURN
10
59200
20
13200
30
0.0
11
59200
21
17500
31
0.0
0
LINE
8
A-FURN
10
59200
20
17500
30
0.0
11
58600
21
17500
31
0.0
0
LINE
8
A-FURN
10
58600
20
17500
30
0.0
11
58600
21
13200
31
0.0
0
LINE
8
A-FURN
10
58600
20
13737.5
30
0.0
11
59200
21
13737.5
31
0.0
0
LINE
8
A-FURN
10
58600
20
14275
30
0.0
11
59200
21
14275
31
0.0
0
LINE
8
A-FURN
10
58600
20
14812.5
30
0.0
11
59200
21
14812.5
31
0.0
0
LINE
8
A-FURN
10
58600
20
15350
30
0.0
11
59200
21
15350
31
0.0
0
LINE
8
A-FURN
10
58600
20
15887.5
30
0.0
11
59200
21
15887.5
31
0.0
0
LINE
8
A-FURN
10
58600
20
16425
30
0.0
11
59200
21
16425
31
0.0
0
LINE
8
A-FURN
10
58600
20
16962.5
30
0.0
11
59200
21
16962.5
31
0.0
0
LINE
8
A-FURN
10
60400
20
13200
30
0.0
11
61000
21
13200
31
0.0
0
LINE
8
A-FURN
10
61000
20
13200
30
0.0
11
61000
21
17500
31
0.0
0
LINE
8
A-FURN
10
61000
20
17500
30
0.0
11
60400
21
17500
31
0.0
0
LINE
8
A-FURN
10
60400
20
17500
30
0.0
11
60400
21
13200
31
0.0
0
LINE
8
A-FURN
10
60400
20
13737.5
30
0.0
11
61000
21
13737.5
31
0.0
0
LINE
8
A-FURN
10
60400
20
14275
30
0.0
11
61000
21
14275
31
0.0
0
LINE
8
A-FURN
10
60400
20
14812.5
30
0.0
11
61000
21
14812.5
31
0.0
0
LINE
8
A-FURN
10
60400
20
15350
30
0.0
11
61000
21
15350
31
0.0
0
LINE
8
A-FURN
10
60400
20
15887.5
30
0.0
11
61000
21
15887.5
31
0.0
0
LINE
8
A-FURN
10
60400
20
16425
30
0.0
11
61000
21
16425
31
0.0
0
LINE
8
A-FURN
10
60400
20
16962.5
30
0.0
11
61000
21
16962.5
31
0.0
0
LINE
8
A-FURN
10
59400
20
14800
30
0.0
11
60200
21
14800
31
0.0
0
LINE
8
A-FURN
10
60200
20
14800
30
0.0
11
60200
21
16000
31
0.0
0
LINE
8
A-FURN
10
60200
20
16000
30
0.0
11
59400
21
16000
31
0.0
0
LINE
8
A-FURN
10
59400
20
16000
30
0.0
11
59400
21
14800
31
0.0
0
LINE
8
A-FLOW
10
38400
20
12200
30
0.0
11
63400
21
12200
31
0.0
0
LINE
8
A-FLOW
10
50900
20
12200
30
0.0
11
50900
21
4600
31
0.0
0
TEXT
8
A-FLOW
10
49000
20
12400
30
0.0
40
200
1
\U+062A\U+0648\U+0632\U+064A\U+0639 \U+0627\U+0644\U+062D\U+0631\U+0643\U+0629 \U+0645\U+0646 \U+0627\U+0644\U+062F\U+0631\U+062C\U+064A\U+0646
50
0
7
ARABIC
72
2
11
49000
21
12400
31
0.0
0
LINE
8
A-DIMS
10
36000
20
0
30
0.0
11
36000
21
-1670
31
0.0
0
LINE
8
A-DIMS
10
65800
20
0
30
0.0
11
65800
21
-1670
31
0.0
0
LINE
8
A-DIMS
10
36000
20
-1500
30
0.0
11
65800
21
-1500
31
0.0
0
LINE
8
A-DIMS
10
35910
20
-1590
30
0.0
11
36090
21
-1410
31
0.0
0
LINE
8
A-DIMS
10
65710
20
-1590
30
0.0
11
65890
21
-1410
31
0.0
0
TEXT
8
A-DIMS
10
50900
20
-1360
30
0.0
40
210
1
29800
50
0
7
ROMANS
72
1
11
50900
21
-1360
31
0.0
0
LINE
8
A-DIMS
10
36000
20
3200
30
0.0
11
34330
21
3200
31
0.0
0
LINE
8
A-DIMS
10
36000
20
17700
30
0.0
11
34330
21
17700
31
0.0
0
LINE
8
A-DIMS
10
34500
20
3200
30
0.0
11
34500
21
17700
31
0.0
0
LINE
8
A-DIMS
10
34410
20
3110
30
0.0
11
34590
21
3290
31
0.0
0
LINE
8
A-DIMS
10
34410
20
17610
30
0.0
11
34590
21
17790
31
0.0
0
TEXT
8
A-DIMS
10
34360
20
10450
30
0.0
40
210
1
14500
50
90
7
ROMANS
72
1
11
34360
21
10450
31
0.0
0
TEXT
8
A-TITL
10
65800
20
-4400
30
0.0
40
540
1
\U+0645\U+062E\U+0637\U+0637 \U+0627\U+0644\U+0645\U+064A\U+0632\U+0627\U+0646\U+064A\U+0646     \U+0645\U+0646\U+0633\U+0648\U+0628 +3.750     \U+0645\U+0642\U+064A\U+0627\U+0633 1:100
50
0
7
ARABIC
72
2
11
65800
21
-4400
31
0.0
0
TEXT
8
A-TITL
10
65800
20
26400
30
0.0
40
800
1
\U+0633\U+062A\U+0627\U+0631 \U+0628\U+064A\U+0648\U+062A\U+064A  -  \U+0645\U+0634\U+063A\U+0644 \U+062A\U+0632\U+064A\U+0646 \U+0646\U+0633\U+0627\U+0626\U+064A \U+0645\U+062A\U+0643\U+0627\U+0645\U+0644
50
0
7
ARABIC
72
2
11
65800
21
26400
31
0.0
0
TEXT
8
A-TITL
10
65800
20
25100
30
0.0
40
420
1
\U+0645\U+062E\U+0637\U+0637\U+0627\U+062A \U+0627\U+0644\U+062A\U+0648\U+0632\U+064A\U+0639 \U+0648\U+0627\U+0644\U+0623\U+062B\U+0627\U+062B  -  \U+0627\U+0644\U+0637\U+0627\U+0628\U+0642 \U+0627\U+0644\U+0623\U+0631\U+0636\U+064A \U+0648\U+0627\U+0644\U+0645\U+064A\U+0632\U+0627\U+0646\U+064A\U+0646
50
0
7
ARABIC
72
2
11
65800
21
25100
31
0.0
0
TEXT
8
A-TITL
10
65800
20
24400
30
0.0
40
330
1
\U+0645\U+0631\U+0627\U+062C\U+0639\U+0629 06   -   \U+0633\U+062A \U+0641\U+062A\U+062D\U+0627\U+062A \U+0645\U+062F\U+0645\U+0648\U+062C\U+0629   -   \U+0627\U+0644\U+062F\U+0631\U+062C\U+0627\U+0646 \U+0627\U+0644\U+0642\U+0627\U+0626\U+0645\U+0627\U+0646 \U+0628\U+0645\U+0643\U+0627\U+0646\U+0647\U+0645\U+0627 \U+062F\U+0648\U+0646 \U+062A\U+063A\U+064A\U+064A\U+0631
50
0
7
ARABIC
72
2
11
65800
21
24400
31
0.0
0
TEXT
8
A-NOTE
10
14000
20
-7000
30
0.0
40
300
1
\U+062C\U+062F\U+0648\U+0644 \U+0627\U+0644\U+0637\U+0627\U+0628\U+0642 \U+0627\U+0644\U+0623\U+0631\U+0636\U+064A
50
0
7
ARABIC
72
2
11
14000
21
-7000
31
0.0
0
TEXT
8
A-NOTE
10
14000
20
-7640
30
0.0
40
230
1
\U+0627\U+0644\U+0642\U+0633\U+0645
50
0
7
ARABIC
72
2
11
14000
21
-7640
31
0.0
0
TEXT
8
A-NOTE
10
8600
20
-7640
30
0.0
40
230
1
\U+0627\U+0644\U+0646\U+0648\U+0639
50
0
7
ARABIC
72
2
11
8600
21
-7640
31
0.0
0
TEXT
8
A-NOTE
10
6800
20
-7640
30
0.0
40
230
1
\U+0645\U+00B2
50
0
7
ARABIC
72
2
11
6800
21
-7640
31
0.0
0
TEXT
8
A-NOTE
10
4200
20
-7640
30
0.0
40
230
1
\U+0627\U+0644\U+0633\U+0639\U+0629
50
0
7
ARABIC
72
2
11
4200
21
-7640
31
0.0
0
LINE
8
A-NOTE
10
-200
20
-7850
30
0.0
11
14000
21
-7850
31
0.0
0
TEXT
8
A-NOTE
10
14000
20
-8180
30
0.0
40
210
1
\U+0631\U+0643\U+0646 \U+0628\U+064A\U+0639 \U+0627\U+0644\U+0645\U+0646\U+062A\U+062C\U+0627\U+062A
50
0
7
ARABIC
72
2
11
14000
21
-8180
31
0.0
0
TEXT
8
A-NOTE
10
8600
20
-8180
30
0.0
40
210
1
\U+0636\U+064A\U+0627\U+0641\U+0629
50
0
7
ARABIC
72
2
11
8600
21
-8180
31
0.0
0
TEXT
8
A-NOTE
10
6800
20
-8180
30
0.0
40
210
1
20.16
50
0
7
ROMANS
72
2
11
6800
21
-8180
31
0.0
0
TEXT
8
A-NOTE
10
4200
20
-8180
30
0.0
40
210
1
12 \U+0645.\U+0637
50
0
7
ARABIC
72
2
11
4200
21
-8180
31
0.0
0
TEXT
8
A-NOTE
10
14000
20
-8630
30
0.0
40
210
1
\U+0635\U+0627\U+0644\U+0629 \U+0627\U+0644\U+0627\U+0646\U+062A\U+0638\U+0627\U+0631
50
0
7
ARABIC
72
2
11
14000
21
-8630
31
0.0
0
TEXT
8
A-NOTE
10
8600
20
-8630
30
0.0
40
210
1
\U+0636\U+064A\U+0627\U+0641\U+0629
50
0
7
ARABIC
72
2
11
8600
21
-8630
31
0.0
0
TEXT
8
A-NOTE
10
6800
20
-8630
30
0.0
40
210
1
45.12
50
0
7
ROMANS
72
2
11
6800
21
-8630
31
0.0
0
TEXT
8
A-NOTE
10
4200
20
-8630
30
0.0
40
210
1
18 \U+0645\U+0642\U+0639\U+062F
50
0
7
ARABIC
72
2
11
4200
21
-8630
31
0.0
0
TEXT
8
A-NOTE
10
14000
20
-9080
30
0.0
40
210
1
\U+0627\U+0644\U+0627\U+0633\U+062A\U+0642\U+0628\U+0627\U+0644 \U+0648\U+0627\U+0644\U+0643\U+0627\U+0634\U+064A\U+0631
50
0
7
ARABIC
72
2
11
14000
21
-9080
31
0.0
0
TEXT
8
A-NOTE
10
8600
20
-9080
30
0.0
40
210
1
\U+0636\U+064A\U+0627\U+0641\U+0629
50
0
7
ARABIC
72
2
11
8600
21
-9080
31
0.0
0
TEXT
8
A-NOTE
10
6800
20
-9080
30
0.0
40
210
1
30.08
50
0
7
ROMANS
72
2
11
6800
21
-9080
31
0.0
0
TEXT
8
A-NOTE
10
4200
20
-9080
30
0.0
40
210
1
\U+0646\U+0642\U+0637\U+062A\U+0627 \U+062E\U+062F\U+0645\U+0629
50
0
7
ARABIC
72
2
11
4200
21
-9080
31
0.0
0
TEXT
8
A-NOTE
10
14000
20
-9530
30
0.0
40
210
1
\U+0645\U+063A\U+0627\U+0633\U+0644 \U+0627\U+0644\U+0634\U+0639\U+0631
50
0
7
ARABIC
72
2
11
14000
21
-9530
31
0.0
0
TEXT
8
A-NOTE
10
8600
20
-9530
30
0.0
40
210
1
\U+062E\U+062F\U+0645\U+0629
50
0
7
ARABIC
72
2
11
8600
21
-9530
31
0.0
0
TEXT
8
A-NOTE
10
6800
20
-9530
30
0.0
40
210
1
36.08
50
0
7
ROMANS
72
2
11
6800
21
-9530
31
0.0
0
TEXT
8
A-NOTE
10
4200
20
-9530
30
0.0
40
210
1
8 \U+0645\U+063A\U+0627\U+0633\U+0644
50
0
7
ARABIC
72
2
11
4200
21
-9530
31
0.0
0
TEXT
8
A-NOTE
10
14000
20
-9980
30
0.0
40
210
1
\U+0642\U+0635 \U+0648\U+062A\U+0635\U+0641\U+064A\U+0641 \U+0627\U+0644\U+0634\U+0639\U+0631
50
0
7
ARABIC
72
2
11
14000
21
-9980
31
0.0
0
TEXT
8
A-NOTE
10
8600
20
-9980
30
0.0
40
210
1
\U+062E\U+062F\U+0645\U+0629
50
0
7
ARABIC
72
2
11
8600
21
-9980
31
0.0
0
TEXT
8
A-NOTE
10
6800
20
-9980
30
0.0
40
210
1
137.76
50
0
7
ROMANS
72
2
11
6800
21
-9980
31
0.0
0
TEXT
8
A-NOTE
10
4200
20
-9980
30
0.0
40
210
1
20 \U+0643\U+0631\U+0633\U+064A
50
0
7
ARABIC
72
2
11
4200
21
-9980
31
0.0
0
TEXT
8
A-NOTE
10
14000
20
-10430
30
0.0
40
210
1
\U+0627\U+0644\U+0635\U+0628\U+063A\U+0629 \U+0648\U+063A\U+0631\U+0641\U+0629 \U+0627\U+0644\U+062E\U+0644\U+0637
50
0
7
ARABIC
72
2
11
14000
21
-10430
31
0.0
0
TEXT
8
A-NOTE
10
8600
20
-10430
30
0.0
40
210
1
\U+062E\U+062F\U+0645\U+0629
50
0
7
ARABIC
72
2
11
8600
21
-10430
31
0.0
0
TEXT
8
A-NOTE
10
6800
20
-10430
30
0.0
40
210
1
41
50
0
7
ROMANS
72
2
11
6800
21
-10430
31
0.0
0
TEXT
8
A-NOTE
10
4200
20
-10430
30
0.0
40
210
1
6 \U+0643\U+0631\U+0627\U+0633\U+064A
50
0
7
ARABIC
72
2
11
4200
21
-10430
31
0.0
0
TEXT
8
A-NOTE
10
14000
20
-10880
30
0.0
40
210
1
\U+0639\U+0644\U+0627\U+062C\U+0627\U+062A \U+0627\U+0644\U+0634\U+0639\U+0631
50
0
7
ARABIC
72
2
11
14000
21
-10880
31
0.0
0
TEXT
8
A-NOTE
10
8600
20
-10880
30
0.0
40
210
1
\U+062E\U+062F\U+0645\U+0629
50
0
7
ARABIC
72
2
11
8600
21
-10880
31
0.0
0
TEXT
8
A-NOTE
10
6800
20
-10880
30
0.0
40
210
1
29.52
50
0
7
ROMANS
72
2
11
6800
21
-10880
31
0.0
0
TEXT
8
A-NOTE
10
4200
20
-10880
30
0.0
40
210
1
4 \U+0643\U+0631\U+0627\U+0633\U+064A
50
0
7
ARABIC
72
2
11
4200
21
-10880
31
0.0
0
TEXT
8
A-NOTE
10
14000
20
-11330
30
0.0
40
210
1
\U+0627\U+0644\U+0645\U+0645\U+0631 \U+0627\U+0644\U+0631\U+0626\U+064A\U+0633\U+064A
50
0
7
ARABIC
72
2
11
14000
21
-11330
31
0.0
0
TEXT
8
A-NOTE
10
8600
20
-11330
30
0.0
40
210
1
\U+0636\U+064A\U+0627\U+0641\U+0629
50
0
7
ARABIC
72
2
11
8600
21
-11330
31
0.0
0
TEXT
8
A-NOTE
10
6800
20
-11330
30
0.0
40
210
1
47.68
50
0
7
ROMANS
72
2
11
6800
21
-11330
31
0.0
0
TEXT
8
A-NOTE
10
4200
20
-11330
30
0.0
40
210
1

50
0
7
ARABIC
72
2
11
4200
21
-11330
31
0.0
0
TEXT
8
A-NOTE
10
14000
20
-11780
30
0.0
40
210
1
\U+0628\U+064A\U+062A \U+0627\U+0644\U+062F\U+0631\U+062C 1
50
0
7
ARABIC
72
2
11
14000
21
-11780
31
0.0
0
TEXT
8
A-NOTE
10
8600
20
-11780
30
0.0
40
210
1
\U+062A\U+0634\U+063A\U+064A\U+0644\U+064A
50
0
7
ARABIC
72
2
11
8600
21
-11780
31
0.0
0
TEXT
8
A-NOTE
10
6800
20
-11780
30
0.0
40
210
1
21.62
50
0
7
ROMANS
72
2
11
6800
21
-11780
31
0.0
0
TEXT
8
A-NOTE
10
4200
20
-11780
30
0.0
40
210
1
21 \U+0642\U+0627\U+0626\U+0645\U+0629
50
0
7
ARABIC
72
2
11
4200
21
-11780
31
0.0
0
TEXT
8
A-NOTE
10
14000
20
-12230
30
0.0
40
210
1
\U+0627\U+0644\U+062F\U+0634\U+0627\U+062A \U+0648\U+0627\U+0644\U+062A\U+0628\U+062F\U+064A\U+0644
50
0
7
ARABIC
72
2
11
14000
21
-12230
31
0.0
0
TEXT
8
A-NOTE
10
8600
20
-12230
30
0.0
40
210
1
\U+0636\U+064A\U+0627\U+0641\U+0629
50
0
7
ARABIC
72
2
11
8600
21
-12230
31
0.0
0
TEXT
8
A-NOTE
10
6800
20
-12230
30
0.0
40
210
1
22.56
50
0
7
ROMANS
72
2
11
6800
21
-12230
31
0.0
0
TEXT
8
A-NOTE
10
4200
20
-12230
30
0.0
40
210
1
5 \U+062F\U+0634\U+0627\U+062A
50
0
7
ARABIC
72
2
11
4200
21
-12230
31
0.0
0
TEXT
8
A-NOTE
10
14000
20
-12680
30
0.0
40
210
1
\U+0627\U+0644\U+062D\U+0645\U+0627\U+0645 \U+0627\U+0644\U+0645\U+063A\U+0631\U+0628\U+064A
50
0
7
ARABIC
72
2
11
14000
21
-12680
31
0.0
0
TEXT
8
A-NOTE
10
8600
20
-12680
30
0.0
40
210
1
\U+062E\U+062F\U+0645\U+0629
50
0
7
ARABIC
72
2
11
8600
21
-12680
31
0.0
0
TEXT
8
A-NOTE
10
6800
20
-12680
30
0.0
40
210
1
34.78
50
0
7
ROMANS
72
2
11
6800
21
-12680
31
0.0
0
TEXT
8
A-NOTE
10
4200
20
-12680
30
0.0
40
210
1
\U+063A\U+0631\U+0641\U+062A\U+0627\U+0646
50
0
7
ARABIC
72
2
11
4200
21
-12680
31
0.0
0
TEXT
8
A-NOTE
10
14000
20
-13130
30
0.0
40
210
1
\U+0627\U+0644\U+0633\U+0627\U+0648\U+0646\U+0627 \U+0648\U+0627\U+0644\U+0628\U+062E\U+0627\U+0631
50
0
7
ARABIC
72
2
11
14000
21
-13130
31
0.0
0
TEXT
8
A-NOTE
10
8600
20
-13130
30
0.0
40
210
1
\U+062E\U+062F\U+0645\U+0629
50
0
7
ARABIC
72
2
11
8600
21
-13130
31
0.0
0
TEXT
8
A-NOTE
10
6800
20
-13130
30
0.0
40
210
1
21.62
50
0
7
ROMANS
72
2
11
6800
21
-13130
31
0.0
0
TEXT
8
A-NOTE
10
4200
20
-13130
30
0.0
40
210
1
\U+0643\U+0627\U+0628\U+064A\U+0646\U+062A\U+0627\U+0646
50
0
7
ARABIC
72
2
11
4200
21
-13130
31
0.0
0
TEXT
8
A-NOTE
10
14000
20
-13580
30
0.0
40
210
1
\U+063A\U+0631\U+0641\U+0629 \U+0627\U+0644\U+0645\U+0639\U+062F\U+0627\U+062A
50
0
7
ARABIC
72
2
11
14000
21
-13580
31
0.0
0
TEXT
8
A-NOTE
10
8600
20
-13580
30
0.0
40
210
1
\U+062A\U+0634\U+063A\U+064A\U+0644\U+064A
50
0
7
ARABIC
72
2
11
8600
21
-13580
31
0.0
0
TEXT
8
A-NOTE
10
6800
20
-13580
30
0.0
40
210
1
17.86
50
0
7
ROMANS
72
2
11
6800
21
-13580
31
0.0
0
TEXT
8
A-NOTE
10
4200
20
-13580
30
0.0
40
210
1

50
0
7
ARABIC
72
2
11
4200
21
-13580
31
0.0
0
TEXT
8
A-NOTE
10
14000
20
-14030
30
0.0
40
210
1
\U+0628\U+064A\U+062A \U+0627\U+0644\U+062F\U+0631\U+062C 2
50
0
7
ARABIC
72
2
11
14000
21
-14030
31
0.0
0
TEXT
8
A-NOTE
10
8600
20
-14030
30
0.0
40
210
1
\U+062A\U+0634\U+063A\U+064A\U+0644\U+064A
50
0
7
ARABIC
72
2
11
8600
21
-14030
31
0.0
0
TEXT
8
A-NOTE
10
6800
20
-14030
30
0.0
40
210
1
21.62
50
0
7
ROMANS
72
2
11
6800
21
-14030
31
0.0
0
TEXT
8
A-NOTE
10
4200
20
-14030
30
0.0
40
210
1
21 \U+0642\U+0627\U+0626\U+0645\U+0629
50
0
7
ARABIC
72
2
11
4200
21
-14030
31
0.0
0
LINE
8
A-NOTE
10
-200
20
-14230
30
0.0
11
14000
21
-14230
31
0.0
0
TEXT
8
A-NOTE
10
14000
20
-14480
30
0.0
40
230
1
\U+0627\U+0644\U+0645\U+062C\U+0645\U+0648\U+0639
50
0
7
ARABIC
72
2
11
14000
21
-14480
31
0.0
0
TEXT
8
A-NOTE
10
6800
20
-14480
30
0.0
40
230
1
527.46
50
0
7
ROMANS
72
2
11
6800
21
-14480
31
0.0
0
TEXT
8
A-NOTE
10
32000
20
-7000
30
0.0
40
300
1
\U+062C\U+062F\U+0648\U+0644 \U+0627\U+0644\U+0645\U+064A\U+0632\U+0627\U+0646\U+064A\U+0646
50
0
7
ARABIC
72
2
11
32000
21
-7000
31
0.0
0
TEXT
8
A-NOTE
10
32000
20
-7640
30
0.0
40
230
1
\U+0627\U+0644\U+0642\U+0633\U+0645
50
0
7
ARABIC
72
2
11
32000
21
-7640
31
0.0
0
TEXT
8
A-NOTE
10
26600
20
-7640
30
0.0
40
230
1
\U+0627\U+0644\U+0646\U+0648\U+0639
50
0
7
ARABIC
72
2
11
26600
21
-7640
31
0.0
0
TEXT
8
A-NOTE
10
24800
20
-7640
30
0.0
40
230
1
\U+0645\U+00B2
50
0
7
ARABIC
72
2
11
24800
21
-7640
31
0.0
0
TEXT
8
A-NOTE
10
22200
20
-7640
30
0.0
40
230
1
\U+0627\U+0644\U+0633\U+0639\U+0629
50
0
7
ARABIC
72
2
11
22200
21
-7640
31
0.0
0
LINE
8
A-NOTE
10
17800
20
-7850
30
0.0
11
32000
21
-7850
31
0.0
0
TEXT
8
A-NOTE
10
32000
20
-8180
30
0.0
40
210
1
\U+0645\U+0645\U+0631 \U+0627\U+0644\U+0634\U+0631\U+0641\U+0629
50
0
7
ARABIC
72
2
11
32000
21
-8180
31
0.0
0
TEXT
8
A-NOTE
10
26600
20
-8180
30
0.0
40
210
1
\U+0636\U+064A\U+0627\U+0641\U+0629
50
0
7
ARABIC
72
2
11
26600
21
-8180
31
0.0
0
TEXT
8
A-NOTE
10
24800
20
-8180
30
0.0
40
210
1
35.76
50
0
7
ROMANS
72
2
11
24800
21
-8180
31
0.0
0
TEXT
8
A-NOTE
10
22200
20
-8180
30
0.0
40
210
1

50
0
7
ARABIC
72
2
11
22200
21
-8180
31
0.0
0
TEXT
8
A-NOTE
10
32000
20
-8630
30
0.0
40
210
1
\U+0627\U+0644\U+0645\U+0643\U+064A\U+0627\U+062C
50
0
7
ARABIC
72
2
11
32000
21
-8630
31
0.0
0
TEXT
8
A-NOTE
10
26600
20
-8630
30
0.0
40
210
1
\U+062E\U+062F\U+0645\U+0629
50
0
7
ARABIC
72
2
11
26600
21
-8630
31
0.0
0
TEXT
8
A-NOTE
10
24800
20
-8630
30
0.0
40
210
1
49
50
0
7
ROMANS
72
2
11
24800
21
-8630
31
0.0
0
TEXT
8
A-NOTE
10
22200
20
-8630
30
0.0
40
210
1
7 \U+0645\U+062D\U+0637\U+0627\U+062A
50
0
7
ARABIC
72
2
11
22200
21
-8630
31
0.0
0
TEXT
8
A-NOTE
10
32000
20
-9080
30
0.0
40
210
1
\U+0627\U+0644\U+062D\U+0648\U+0627\U+062C\U+0628 \U+0648\U+0627\U+0644\U+0631\U+0645\U+0648\U+0634
50
0
7
ARABIC
72
2
11
32000
21
-9080
31
0.0
0
TEXT
8
A-NOTE
10
26600
20
-9080
30
0.0
40
210
1
\U+062E\U+062F\U+0645\U+0629
50
0
7
ARABIC
72
2
11
26600
21
-9080
31
0.0
0
TEXT
8
A-NOTE
10
24800
20
-9080
30
0.0
40
210
1
28
50
0
7
ROMANS
72
2
11
24800
21
-9080
31
0.0
0
TEXT
8
A-NOTE
10
22200
20
-9080
30
0.0
40
210
1
4 \U+0623\U+0633\U+0631\U+0651\U+0629
50
0
7
ARABIC
72
2
11
22200
21
-9080
31
0.0
0
TEXT
8
A-NOTE
10
32000
20
-9530
30
0.0
40
210
1
\U+062F\U+0648\U+0631\U+0627\U+062A \U+0645\U+064A\U+0627\U+0647 \U+0627\U+0644\U+0632\U+0628\U+0627\U+0626\U+0646
50
0
7
ARABIC
72
2
11
32000
21
-9530
31
0.0
0
TEXT
8
A-NOTE
10
26600
20
-9530
30
0.0
40
210
1
\U+0636\U+064A\U+0627\U+0641\U+0629
50
0
7
ARABIC
72
2
11
26600
21
-9530
31
0.0
0
TEXT
8
A-NOTE
10
24800
20
-9530
30
0.0
40
210
1
16.8
50
0
7
ROMANS
72
2
11
24800
21
-9530
31
0.0
0
TEXT
8
A-NOTE
10
22200
20
-9530
30
0.0
40
210
1
4 \U+0648\U+062D\U+062F\U+0627\U+062A
50
0
7
ARABIC
72
2
11
22200
21
-9530
31
0.0
0
TEXT
8
A-NOTE
10
32000
20
-9980
30
0.0
40
210
1
\U+0627\U+0644\U+0645\U+0627\U+0646\U+064A\U+0643\U+064A\U+0631
50
0
7
ARABIC
72
2
11
32000
21
-9980
31
0.0
0
TEXT
8
A-NOTE
10
26600
20
-9980
30
0.0
40
210
1
\U+062E\U+062F\U+0645\U+0629
50
0
7
ARABIC
72
2
11
26600
21
-9980
31
0.0
0
TEXT
8
A-NOTE
10
24800
20
-9980
30
0.0
40
210
1
36.4
50
0
7
ROMANS
72
2
11
24800
21
-9980
31
0.0
0
TEXT
8
A-NOTE
10
22200
20
-9980
30
0.0
40
210
1
8 \U+0645\U+062D\U+0637\U+0627\U+062A
50
0
7
ARABIC
72
2
11
22200
21
-9980
31
0.0
0
TEXT
8
A-NOTE
10
32000
20
-10430
30
0.0
40
210
1
\U+0627\U+0644\U+0628\U+064A\U+062F\U+064A\U+0643\U+064A\U+0631
50
0
7
ARABIC
72
2
11
32000
21
-10430
31
0.0
0
TEXT
8
A-NOTE
10
26600
20
-10430
30
0.0
40
210
1
\U+062E\U+062F\U+0645\U+0629
50
0
7
ARABIC
72
2
11
26600
21
-10430
31
0.0
0
TEXT
8
A-NOTE
10
24800
20
-10430
30
0.0
40
210
1
29.4
50
0
7
ROMANS
72
2
11
24800
21
-10430
31
0.0
0
TEXT
8
A-NOTE
10
22200
20
-10430
30
0.0
40
210
1
6 \U+0643\U+0631\U+0627\U+0633\U+064A
50
0
7
ARABIC
72
2
11
22200
21
-10430
31
0.0
0
TEXT
8
A-NOTE
10
32000
20
-10880
30
0.0
40
210
1
\U+062C\U+0646\U+0627\U+062D \U+0627\U+0644\U+0639\U+0631\U+0627\U+064A\U+0633
50
0
7
ARABIC
72
2
11
32000
21
-10880
31
0.0
0
TEXT
8
A-NOTE
10
26600
20
-10880
30
0.0
40
210
1
\U+062E\U+062F\U+0645\U+0629
50
0
7
ARABIC
72
2
11
26600
21
-10880
31
0.0
0
TEXT
8
A-NOTE
10
24800
20
-10880
30
0.0
40
210
1
29.4
50
0
7
ROMANS
72
2
11
24800
21
-10880
31
0.0
0
TEXT
8
A-NOTE
10
22200
20
-10880
30
0.0
40
210
1
\U+062C\U+0646\U+0627\U+062D
50
0
7
ARABIC
72
2
11
22200
21
-10880
31
0.0
0
TEXT
8
A-NOTE
10
32000
20
-11330
30
0.0
40
210
1
\U+063A\U+0631\U+0641\U+0629 \U+0627\U+0644\U+063A\U+0633\U+064A\U+0644 \U+0648\U+0627\U+0644\U+0645\U+0646\U+0627\U+0634\U+0641
50
0
7
ARABIC
72
2
11
32000
21
-11330
31
0.0
0
TEXT
8
A-NOTE
10
26600
20
-11330
30
0.0
40
210
1
\U+062A\U+0634\U+063A\U+064A\U+0644\U+064A
50
0
7
ARABIC
72
2
11
26600
21
-11330
31
0.0
0
TEXT
8
A-NOTE
10
24800
20
-11330
30
0.0
40
210
1
19.6
50
0
7
ROMANS
72
2
11
24800
21
-11330
31
0.0
0
TEXT
8
A-NOTE
10
22200
20
-11330
30
0.0
40
210
1

50
0
7
ARABIC
72
2
11
22200
21
-11330
31
0.0
0
TEXT
8
A-NOTE
10
32000
20
-11780
30
0.0
40
210
1
\U+0627\U+0644\U+0645\U+0645\U+0631 \U+0627\U+0644\U+0639\U+0631\U+0636\U+064A
50
0
7
ARABIC
72
2
11
32000
21
-11780
31
0.0
0
TEXT
8
A-NOTE
10
26600
20
-11780
30
0.0
40
210
1
\U+0636\U+064A\U+0627\U+0641\U+0629
50
0
7
ARABIC
72
2
11
26600
21
-11780
31
0.0
0
TEXT
8
A-NOTE
10
24800
20
-11780
30
0.0
40
210
1
47.68
50
0
7
ROMANS
72
2
11
24800
21
-11780
31
0.0
0
TEXT
8
A-NOTE
10
22200
20
-11780
30
0.0
40
210
1

50
0
7
ARABIC
72
2
11
22200
21
-11780
31
0.0
0
TEXT
8
A-NOTE
10
32000
20
-12230
30
0.0
40
210
1
\U+0628\U+064A\U+062A \U+0627\U+0644\U+062F\U+0631\U+062C 1
50
0
7
ARABIC
72
2
11
32000
21
-12230
31
0.0
0
TEXT
8
A-NOTE
10
26600
20
-12230
30
0.0
40
210
1
\U+062A\U+0634\U+063A\U+064A\U+0644\U+064A
50
0
7
ARABIC
72
2
11
26600
21
-12230
31
0.0
0
TEXT
8
A-NOTE
10
24800
20
-12230
30
0.0
40
210
1
21.62
50
0
7
ROMANS
72
2
11
24800
21
-12230
31
0.0
0
TEXT
8
A-NOTE
10
22200
20
-12230
30
0.0
40
210
1
21 \U+0642\U+0627\U+0626\U+0645\U+0629
50
0
7
ARABIC
72
2
11
22200
21
-12230
31
0.0
0
TEXT
8
A-NOTE
10
32000
20
-12680
30
0.0
40
210
1
\U+0643\U+0627\U+0628\U+064A\U+0646\U+0627\U+062A \U+0627\U+0644\U+0639\U+0646\U+0627\U+064A\U+0629 \U+0628\U+0627\U+0644\U+0628\U+0634\U+0631\U+0629
50
0
7
ARABIC
72
2
11
32000
21
-12680
31
0.0
0
TEXT
8
A-NOTE
10
26600
20
-12680
30
0.0
40
210
1
\U+062E\U+062F\U+0645\U+0629
50
0
7
ARABIC
72
2
11
26600
21
-12680
31
0.0
0
TEXT
8
A-NOTE
10
24800
20
-12680
30
0.0
40
210
1
32.9
50
0
7
ROMANS
72
2
11
24800
21
-12680
31
0.0
0
TEXT
8
A-NOTE
10
22200
20
-12680
30
0.0
40
210
1
3 \U+0643\U+0627\U+0628\U+064A\U+0646\U+0627\U+062A
50
0
7
ARABIC
72
2
11
22200
21
-12680
31
0.0
0
TEXT
8
A-NOTE
10
32000
20
-13130
30
0.0
40
210
1
\U+0643\U+0627\U+0628\U+064A\U+0646\U+0627\U+062A \U+0625\U+0632\U+0627\U+0644\U+0629 \U+0627\U+0644\U+0634\U+0639\U+0631
50
0
7
ARABIC
72
2
11
32000
21
-13130
31
0.0
0
TEXT
8
A-NOTE
10
26600
20
-13130
30
0.0
40
210
1
\U+062E\U+062F\U+0645\U+0629
50
0
7
ARABIC
72
2
11
26600
21
-13130
31
0.0
0
TEXT
8
A-NOTE
10
24800
20
-13130
30
0.0
40
210
1
18.8
50
0
7
ROMANS
72
2
11
24800
21
-13130
31
0.0
0
TEXT
8
A-NOTE
10
22200
20
-13130
30
0.0
40
210
1
\U+0643\U+0627\U+0628\U+064A\U+0646\U+062A\U+0627\U+0646
50
0
7
ARABIC
72
2
11
22200
21
-13130
31
0.0
0
TEXT
8
A-NOTE
10
32000
20
-13580
30
0.0
40
210
1
\U+0643\U+0627\U+0628\U+064A\U+0646\U+0629 \U+0627\U+0644\U+0644\U+064A\U+0632\U+0631
50
0
7
ARABIC
72
2
11
32000
21
-13580
31
0.0
0
TEXT
8
A-NOTE
10
26600
20
-13580
30
0.0
40
210
1
\U+062E\U+062F\U+0645\U+0629
50
0
7
ARABIC
72
2
11
26600
21
-13580
31
0.0
0
TEXT
8
A-NOTE
10
24800
20
-13580
30
0.0
40
210
1
15.98
50
0
7
ROMANS
72
2
11
24800
21
-13580
31
0.0
0
TEXT
8
A-NOTE
10
22200
20
-13580
30
0.0
40
210
1
\U+0643\U+0627\U+0628\U+064A\U+0646\U+0629
50
0
7
ARABIC
72
2
11
22200
21
-13580
31
0.0
0
TEXT
8
A-NOTE
10
32000
20
-14030
30
0.0
40
210
1
\U+063A\U+0631\U+0641\U+0629 \U+0627\U+0644\U+0645\U+0633\U+0627\U+062C
50
0
7
ARABIC
72
2
11
32000
21
-14030
31
0.0
0
TEXT
8
A-NOTE
10
26600
20
-14030
30
0.0
40
210
1
\U+062E\U+062F\U+0645\U+0629
50
0
7
ARABIC
72
2
11
26600
21
-14030
31
0.0
0
TEXT
8
A-NOTE
10
24800
20
-14030
30
0.0
40
210
1
15.98
50
0
7
ROMANS
72
2
11
24800
21
-14030
31
0.0
0
TEXT
8
A-NOTE
10
22200
20
-14030
30
0.0
40
210
1
\U+063A\U+0631\U+0641\U+0629
50
0
7
ARABIC
72
2
11
22200
21
-14030
31
0.0
0
TEXT
8
A-NOTE
10
32000
20
-14480
30
0.0
40
210
1
\U+0627\U+0644\U+0645\U+062E\U+0632\U+0646 \U+0648\U+063A\U+0631\U+0641\U+0629 \U+0627\U+0644\U+0637\U+0627\U+0642\U+0645
50
0
7
ARABIC
72
2
11
32000
21
-14480
31
0.0
0
TEXT
8
A-NOTE
10
26600
20
-14480
30
0.0
40
210
1
\U+062A\U+0634\U+063A\U+064A\U+0644\U+064A
50
0
7
ARABIC
72
2
11
26600
21
-14480
31
0.0
0
TEXT
8
A-NOTE
10
24800
20
-14480
30
0.0
40
210
1
13.16
50
0
7
ROMANS
72
2
11
24800
21
-14480
31
0.0
0
TEXT
8
A-NOTE
10
22200
20
-14480
30
0.0
40
210
1

50
0
7
ARABIC
72
2
11
22200
21
-14480
31
0.0
0
TEXT
8
A-NOTE
10
32000
20
-14930
30
0.0
40
210
1
\U+0628\U+064A\U+062A \U+0627\U+0644\U+062F\U+0631\U+062C 2
50
0
7
ARABIC
72
2
11
32000
21
-14930
31
0.0
0
TEXT
8
A-NOTE
10
26600
20
-14930
30
0.0
40
210
1
\U+062A\U+0634\U+063A\U+064A\U+0644\U+064A
50
0
7
ARABIC
72
2
11
26600
21
-14930
31
0.0
0
TEXT
8
A-NOTE
10
24800
20
-14930
30
0.0
40
210
1
21.62
50
0
7
ROMANS
72
2
11
24800
21
-14930
31
0.0
0
TEXT
8
A-NOTE
10
22200
20
-14930
30
0.0
40
210
1
21 \U+0642\U+0627\U+0626\U+0645\U+0629
50
0
7
ARABIC
72
2
11
22200
21
-14930
31
0.0
0
LINE
8
A-NOTE
10
17800
20
-15130
30
0.0
11
32000
21
-15130
31
0.0
0
TEXT
8
A-NOTE
10
32000
20
-15380
30
0.0
40
230
1
\U+0627\U+0644\U+0645\U+062C\U+0645\U+0648\U+0639
50
0
7
ARABIC
72
2
11
32000
21
-15380
31
0.0
0
TEXT
8
A-NOTE
10
24800
20
-15380
30
0.0
40
230
1
432.1
50
0
7
ROMANS
72
2
11
24800
21
-15380
31
0.0
0
TEXT
8
A-NOTE
10
51000
20
-7000
30
0.0
40
220
1
\U+0645\U+0644\U+062E\U+0635 \U+0627\U+0644\U+0645\U+0633\U+0627\U+062D\U+0627\U+062A
50
0
7
ARABIC
72
2
11
51000
21
-7000
31
0.0
0
TEXT
8
A-NOTE
10
51000
20
-7940
30
0.0
40
220
1
\U+0627\U+0644\U+0637\U+0627\U+0628\U+0642 \U+0627\U+0644\U+0623\U+0631\U+0636\U+064A            527.46 \U+0645\U+00B2
50
0
7
ARABIC
72
2
11
51000
21
-7940
31
0.0
0
TEXT
8
A-NOTE
10
51000
20
-8410
30
0.0
40
220
1
\U+0627\U+0644\U+0645\U+064A\U+0632\U+0627\U+0646\U+064A\U+0646                432.1 \U+0645\U+00B2
50
0
7
ARABIC
72
2
11
51000
21
-8410
31
0.0
0
TEXT
8
A-NOTE
10
51000
20
-8880
30
0.0
40
220
1
\U+0627\U+0644\U+0625\U+062C\U+0645\U+0627\U+0644\U+064A                 959.56 \U+0645\U+00B2
50
0
7
ARABIC
72
2
11
51000
21
-8880
31
0.0
0
TEXT
8
A-NOTE
10
51000
20
-9820
30
0.0
40
220
1
\U+062E\U+062F\U+0645\U+0629                     556.62 \U+0645\U+00B2    58 %
50
0
7
ARABIC
72
2
11
51000
21
-9820
31
0.0
0
TEXT
8
A-NOTE
10
51000
20
-10290
30
0.0
40
220
1
\U+0636\U+064A\U+0627\U+0641\U+0629                    265.84 \U+0645\U+00B2    27.7 %
50
0
7
ARABIC
72
2
11
51000
21
-10290
31
0.0
0
TEXT
8
A-NOTE
10
51000
20
-10760
30
0.0
40
220
1
\U+062A\U+0634\U+063A\U+064A\U+0644\U+064A                   137.1 \U+0645\U+00B2    14.3 %
50
0
7
ARABIC
72
2
11
51000
21
-10760
31
0.0
0
TEXT
8
A-NOTE
10
51000
20
-11700
30
0.0
40
220
1
\U+062D\U+0631\U+0643\U+0629 \U+0627\U+0644\U+0635\U+0639\U+0648\U+062F \U+0644\U+0644\U+0645\U+064A\U+0632\U+0627\U+0646\U+064A\U+0646
50
0
7
ARABIC
72
2
11
51000
21
-11700
31
0.0
0
TEXT
8
A-NOTE
10
51000
20
-12640
30
0.0
40
220
1
\U+0627\U+0644\U+062F\U+0631\U+062C\U+0627\U+0646 \U+0642\U+0627\U+0626\U+0645\U+0627\U+0646 \U+0628\U+0627\U+0644\U+0632\U+0627\U+0648\U+064A\U+062A\U+064A\U+0646 \U+0627\U+0644\U+062E\U+0644\U+0641\U+064A\U+062A\U+064A\U+0646 \U+0648\U+0644\U+0645 \U+064A\U+064F\U+063A\U+064A\U+064E\U+0651\U+0631 \U+0645\U+0648\U+0642\U+0639\U+0647\U+0645\U+0627.
50
0
7
ARABIC
72
2
11
51000
21
-12640
31
0.0
0
TEXT
8
A-NOTE
10
51000
20
-13110
30
0.0
40
220
1
\U+0644\U+0630\U+0644\U+0643 \U+062C\U+064F\U+0639\U+0644 \U+0627\U+0644\U+0645\U+0645\U+0631 \U+0627\U+0644\U+0631\U+0626\U+064A\U+0633\U+064A \U+0628\U+0639\U+0631\U+0636 1600 \U+0645\U+0645 \U+0648\U+0645\U+0645\U+062A\U+062F\U+0627\U+064B \U+0639\U+0644\U+0649 \U+0643\U+0627\U+0645\U+0644
50
0
7
ARABIC
72
2
11
51000
21
-13110
31
0.0
0
TEXT
8
A-NOTE
10
51000
20
-13580
30
0.0
40
220
1
\U+0627\U+0644\U+0639\U+0631\U+0636 29800\U+060C \U+0644\U+064A\U+0635\U+0644 \U+0645\U+0628\U+0627\U+0634\U+0631\U+0629 \U+0625\U+0644\U+0649 \U+0628\U+0627\U+0628\U+064A \U+0627\U+0644\U+062F\U+0631\U+062C\U+064A\U+0646 \U+062F\U+0648\U+0646 \U+0627\U+0644\U+0645\U+0631\U+0648\U+0631
50
0
7
ARABIC
72
2
11
51000
21
-13580
31
0.0
0
TEXT
8
A-NOTE
10
51000
20
-14050
30
0.0
40
220
1
\U+0628\U+0623\U+064A \U+0642\U+0633\U+0645 \U+0622\U+062E\U+0631. \U+0647\U+0630\U+0627 \U+0645\U+0627 \U+0643\U+0627\U+0646 \U+0645\U+0641\U+0642\U+0648\U+062F\U+0627\U+064B \U+0641\U+064A \U+0627\U+0644\U+062A\U+0648\U+0632\U+064A\U+0639 \U+0627\U+0644\U+0633\U+0627\U+0628\U+0642.
50
0
7
ARABIC
72
2
11
51000
21
-14050
31
0.0
0
TEXT
8
A-NOTE
10
51000
20
-14520
30
0.0
40
220
1
\U+0645\U+0633\U+0627\U+0641\U+0629 \U+0627\U+0644\U+0645\U+0634\U+064A \U+0645\U+0646 \U+0627\U+0644\U+0628\U+0627\U+0628 \U+062D\U+062A\U+0649 \U+0623\U+0642\U+0631\U+0628 \U+062F\U+0631\U+062C \U+0646\U+062D\U+0648 19 \U+0645\U+060C \U+0648\U+062D\U+062A\U+0649 \U+0627\U+0644\U+0623\U+0628\U+0639\U+062F
50
0
7
ARABIC
72
2
11
51000
21
-14520
31
0.0
0
TEXT
8
A-NOTE
10
51000
20
-14990
30
0.0
40
220
1
\U+0646\U+062D\U+0648 24 \U+0645. \U+0644\U+0630\U+0644\U+0643 \U+0648\U+064F\U+0636\U+0639\U+062A \U+0627\U+0644\U+0623\U+0642\U+0633\U+0627\U+0645 \U+0643\U+062B\U+064A\U+0631\U+0629 \U+0627\U+0644\U+062A\U+0631\U+062F\U+062F \U+0628\U+0627\U+0644\U+0623\U+0631\U+0636\U+064A\U+060C
50
0
7
ARABIC
72
2
11
51000
21
-14990
31
0.0
0
TEXT
8
A-NOTE
10
51000
20
-15460
30
0.0
40
220
1
\U+0648\U+0623\U+0642\U+0633\U+0627\U+0645 \U+0627\U+0644\U+0645\U+0648\U+0627\U+0639\U+064A\U+062F \U+0627\U+0644\U+0645\U+0635\U+062D\U+0648\U+0628\U+0629 \U+0628\U+0627\U+0644\U+0645\U+064A\U+0632\U+0627\U+0646\U+064A\U+0646.
50
0
7
ARABIC
72
2
11
51000
21
-15460
31
0.0
0
TEXT
8
A-NOTE
10
51000
20
-16400
30
0.0
40
220
1
\U+0645\U+0644\U+0627\U+062D\U+0638\U+0627\U+062A
50
0
7
ARABIC
72
2
11
51000
21
-16400
31
0.0
0
TEXT
8
A-NOTE
10
51000
20
-17340
30
0.0
40
220
1
1. \U+0643\U+0644 \U+0627\U+0644\U+0623\U+0628\U+0639\U+0627\U+062F \U+0628\U+0627\U+0644\U+0645\U+0644\U+064A\U+0645\U+062A\U+0631. \U+0627\U+0644\U+0645\U+0633\U+0627\U+062D\U+0627\U+062A \U+0645\U+062D\U+0633\U+0648\U+0628\U+0629 \U+0645\U+0646 \U+0645\U+0636\U+0644\U+0639\U+0627\U+062A \U+0627\U+0644\U+063A\U+0631\U+0641.
50
0
7
ARABIC
72
2
11
51000
21
-17340
31
0.0
0
TEXT
8
A-NOTE
10
51000
20
-17810
30
0.0
40
220
1
2. \U+0627\U+0644\U+062C\U+062F\U+0631\U+0627\U+0646 \U+0627\U+0644\U+0641\U+0627\U+0635\U+0644\U+0629 \U+0627\U+0644\U+062E\U+0645\U+0633\U+0629 \U+062A\U+064F\U+0632\U+0627\U+0644\U+060C \U+0645\U+0631\U+0633\U+0648\U+0645\U+0629 \U+0628\U+062E\U+0637 \U+0623\U+062D\U+0645\U+0631 \U+0645\U+062A\U+0642\U+0637\U+0639
50
0
7
ARABIC
72
2
11
51000
21
-17810
31
0.0
0
TEXT
8
A-NOTE
10
51000
20
-18280
30
0.0
40
220
1
    \U+0639\U+0644\U+0649 \U+0637\U+0628\U+0642\U+0629 A-DEMO. \U+064A\U+0644\U+0632\U+0645 \U+0641\U+062D\U+0635 \U+0625\U+0646\U+0634\U+0627\U+0626\U+064A \U+0642\U+0628\U+0644 \U+0627\U+0644\U+0647\U+062F\U+0645.
50
0
7
ARABIC
72
2
11
51000
21
-18280
31
0.0
0
TEXT
8
A-NOTE
10
51000
20
-18750
30
0.0
40
220
1
3. \U+0627\U+0644\U+0623\U+0642\U+0633\U+0627\U+0645 \U+0627\U+0644\U+0631\U+0637\U+0628\U+0629 \U+0645\U+062C\U+0645\U+0639\U+0629 \U+0628\U+0627\U+0644\U+0637\U+0627\U+0628\U+0642 \U+0627\U+0644\U+0623\U+0631\U+0636\U+064A. \U+0627\U+0644\U+063A\U+0633\U+064A\U+0644 \U+0648\U+0627\U+0644\U+0628\U+064A\U+062F\U+064A\U+0643\U+064A\U+0631
50
0
7
ARABIC
72
2
11
51000
21
-18750
31
0.0
0
TEXT
8
A-NOTE
10
51000
20
-19220
30
0.0
40
220
1
    \U+0628\U+0627\U+0644\U+0645\U+064A\U+0632\U+0627\U+0646\U+064A\U+0646 \U+064A\U+062D\U+062A\U+0627\U+062C\U+0627\U+0646 \U+0639\U+0632\U+0644\U+0627\U+064B \U+0645\U+0627\U+0626\U+064A\U+0627\U+064B \U+0648\U+0639\U+0645\U+0648\U+062F\U+0627\U+064B \U+0645\U+062E\U+0635\U+0635\U+0627\U+064B \U+0644\U+0644\U+0635\U+0631\U+0641.
50
0
7
ARABIC
72
2
11
51000
21
-19220
31
0.0
0
TEXT
8
A-NOTE
10
51000
20
-19690
30
0.0
40
220
1
4. \U+0634\U+0641\U+0637 \U+0645\U+064A\U+0643\U+0627\U+0646\U+064A\U+0643\U+064A \U+0625\U+062C\U+0628\U+0627\U+0631\U+064A: \U+063A\U+0631\U+0641\U+0629 \U+0627\U+0644\U+062E\U+0644\U+0637\U+060C \U+0625\U+0632\U+0627\U+0644\U+0629 \U+0627\U+0644\U+0634\U+0639\U+0631\U+060C
50
0
7
ARABIC
72
2
11
51000
21
-19690
31
0.0
0
TEXT
8
A-NOTE
10
51000
20
-20160
30
0.0
40
220
1
    \U+0627\U+0644\U+0645\U+0627\U+0646\U+064A\U+0643\U+064A\U+0631\U+060C \U+0639\U+0644\U+0627\U+062C\U+0627\U+062A \U+0627\U+0644\U+0634\U+0639\U+0631.
50
0
7
ARABIC
72
2
11
51000
21
-20160
31
0.0
0
TEXT
8
A-NOTE
10
51000
20
-20630
30
0.0
40
220
1
5. \U+0639\U+0631\U+0636 \U+0627\U+0644\U+0641\U+062A\U+062D\U+0629 4800 \U+0648\U+0627\U+0644\U+0639\U+0645\U+0642 17700 \U+064A\U+0628\U+0642\U+064A\U+0627\U+0646 \U+0631\U+0647\U+0646 \U+0627\U+0644\U+0645\U+062E\U+0637\U+0637 \U+0627\U+0644\U+0645\U+0633\U+0627\U+062D\U+064A.
50
0
7
ARABIC
72
2
11
51000
21
-20630
31
0.0
0
TEXT
8
A-NOTE
10
51000
20
-21570
30
0.0
40
220
1
\U+0627\U+0644\U+0637\U+0628\U+0642\U+0627\U+062A
50
0
7
ARABIC
72
2
11
51000
21
-21570
31
0.0
0
TEXT
8
A-NOTE
10
51000
20
-22510
30
0.0
40
220
1
A-WALL     ????? ?????? ???????
50
0
7
ROMANS
0
TEXT
8
A-NOTE
10
51000
20
-22980
30
0.0
40
220
1
A-DEMO     ????? ????? ?????
50
0
7
ROMANS
0
TEXT
8
A-NOTE
10
51000
20
-23450
30
0.0
40
220
1
A-PART     ????? ?????
50
0
7
ROMANS
0
TEXT
8
A-NOTE
10
51000
20
-23920
30
0.0
40
220
1
A-FURN     ???? ?????? ?????
50
0
7
ROMANS
0
TEXT
8
A-NOTE
10
51000
20
-24390
30
0.0
40
220
1
A-EQIP     ????? ???????? ????
50
0
7
ROMANS
0
TEXT
8
A-NOTE
10
51000
20
-24860
30
0.0
40
220
1
A-STAIR    ??????? ???????
50
0
7
ROMANS
0
TEXT
8
A-NOTE
10
51000
20
-25330
30
0.0
40
220
1
A-FLOW     ???? ??????
50
0
7
ROMANS
0
ENDSEC
0
EOF
